dia;mes;Ano;hora;DiaSemana;chamadas
03;01;1999;9;1;130
03;01;1999;10;1;171
03;01;1999;11;1;136
03;01;1999;12;1;130
03;01;1999;13;1;139
03;01;1999;14;1;150
03;01;1999;15;1;165
03;01;1999;16;1;257
03;01;1999;17;1;187
03;01;1999;18;1;89
03;01;1999;19;1;78
03;01;1999;20;1;75
03;01;1999;21;1;65
03;01;1999;22;1;48
04;01;1999;9;2;114
04;01;1999;10;2;164
04;01;1999;11;2;148
04;01;1999;12;2;121
04;01;1999;13;2;70
04;01;1999;14;2;199
04;01;1999;15;2;144
04;01;1999;16;2;108
04;01;1999;17;2;126
04;01;1999;18;2;95
04;01;1999;19;2;82
04;01;1999;20;2;73
04;01;1999;21;2;74
04;01;1999;22;2;60
05;01;1999;9;3;113
05;01;1999;10;3;121
05;01;1999;11;3;126
05;01;1999;12;3;97
05;01;1999;13;3;109
05;01;1999;14;3;121
05;01;1999;15;3;132
05;01;1999;16;3;160
05;01;1999;17;3;110
05;01;1999;18;3;93
05;01;1999;19;3;62
05;01;1999;20;3;62
05;01;1999;21;3;48
05;01;1999;22;3;68
06;01;1999;9;4;101
06;01;1999;10;4;128
06;01;1999;11;4;95
06;01;1999;12;4;96
06;01;1999;13;4;104
06;01;1999;14;4;112
06;01;1999;15;4;109
06;01;1999;16;4;88
06;01;1999;17;4;81
06;01;1999;18;4;62
06;01;1999;19;4;78
06;01;1999;20;4;64
06;01;1999;21;4;51
06;01;1999;22;4;59
07;01;1999;9;5;123
07;01;1999;10;5;119
07;01;1999;11;5;108
07;01;1999;12;5;104
07;01;1999;13;5;75
07;01;1999;14;5;153
07;01;1999;15;5;141
07;01;1999;16;5;211
07;01;1999;17;5;137
07;01;1999;18;5;128
07;01;1999;19;5;55
07;01;1999;20;5;39
07;01;1999;21;5;40
07;01;1999;22;5;36
10;01;1999;9;1;113
10;01;1999;10;1;157
10;01;1999;11;1;133
10;01;1999;12;1;111
10;01;1999;13;1;172
10;01;1999;14;1;156
10;01;1999;15;1;163
10;01;1999;16;1;310
10;01;1999;17;1;181
10;01;1999;18;1;116
10;01;1999;19;1;73
10;01;1999;20;1;62
10;01;1999;21;1;50
10;01;1999;22;1;22
13;01;1999;9;4;130
13;01;1999;10;4;
13;01;1999;11;4;68
13;01;1999;12;4;126
13;01;1999;13;4;121
13;01;1999;14;4;175
13;01;1999;15;4;165
13;01;1999;16;4;127
13;01;1999;17;4;99
13;01;1999;18;4;118
13;01;1999;19;4;105
13;01;1999;20;4;66
13;01;1999;21;4;59
13;01;1999;22;4;66
14;01;1999;9;5;104
14;01;1999;10;5;150
14;01;1999;11;5;118
14;01;1999;12;5;112
14;01;1999;13;5;96
14;01;1999;14;5;108
14;01;1999;15;5;125
14;01;1999;16;5;193
14;01;1999;17;5;152
14;01;1999;18;5;94
14;01;1999;19;5;79
14;01;1999;20;5;49
14;01;1999;21;5;18
14;01;1999;22;5;45
17;01;1999;9;1;116
17;01;1999;10;1;127
17;01;1999;11;1;115
17;01;1999;12;1;103
17;01;1999;13;1;116
17;01;1999;14;1;112
17;01;1999;15;1;139
17;01;1999;16;1;180
17;01;1999;17;1;146
17;01;1999;18;1;80
17;01;1999;19;1;70
17;01;1999;20;1;48
17;01;1999;21;1;45
17;01;1999;22;1;35
18;01;1999;9;2;108
18;01;1999;10;2;144
18;01;1999;11;2;108
18;01;1999;12;2;115
18;01;1999;13;2;88
18;01;1999;14;2;91
18;01;1999;15;2;231
18;01;1999;16;2;104
18;01;1999;17;2;73
18;01;1999;18;2;72
18;01;1999;19;2;78
18;01;1999;20;2;49
18;01;1999;21;2;54
18;01;1999;22;2;47
19;01;1999;9;3;109
19;01;1999;10;3;141
19;01;1999;11;3;114
19;01;1999;12;3;105
19;01;1999;13;3;105
19;01;1999;14;3;106
19;01;1999;15;3;99
19;01;1999;16;3;124
19;01;1999;17;3;87
19;01;1999;18;3;72
19;01;1999;19;3;61
19;01;1999;20;3;51
19;01;1999;21;3;52
19;01;1999;22;3;66
20;01;1999;9;4;115
20;01;1999;10;4;114
20;01;1999;11;4;92
20;01;1999;12;4;86
20;01;1999;13;4;98
20;01;1999;14;4;112
20;01;1999;15;4;115
20;01;1999;16;4;94
20;01;1999;17;4;77
20;01;1999;18;4;58
20;01;1999;19;4;65
20;01;1999;20;4;41
20;01;1999;21;4;41
20;01;1999;22;4;37
21;01;1999;9;5;111
21;01;1999;10;5;151
21;01;1999;11;5;117
21;01;1999;12;5;121
21;01;1999;13;5;115
21;01;1999;14;5;98
21;01;1999;15;5;96
21;01;1999;16;5;117
21;01;1999;17;5;107
21;01;1999;18;5;66
21;01;1999;19;5;42
21;01;1999;20;5;49
21;01;1999;21;5;38
21;01;1999;22;5;30
24;01;1999;9;1;91
24;01;1999;10;1;117
24;01;1999;11;1;86
24;01;1999;12;1;72
24;01;1999;13;1;99
24;01;1999;14;1;94
24;01;1999;15;1;91
24;01;1999;16;1;110
24;01;1999;17;1;93
24;01;1999;18;1;57
24;01;1999;19;1;41
24;01;1999;20;1;15
24;01;1999;21;1;39
24;01;1999;22;1;41
25;01;1999;9;2;98
25;01;1999;10;2;96
25;01;1999;11;2;79
25;01;1999;12;2;73
25;01;1999;13;2;62
25;01;1999;14;2;87
25;01;1999;15;2;107
25;01;1999;16;2;45
25;01;1999;17;2;50
25;01;1999;18;2;56
25;01;1999;19;2;45
25;01;1999;20;2;67
25;01;1999;21;2;36
25;01;1999;22;2;42
26;01;1999;9;3;81
26;01;1999;10;3;93
26;01;1999;11;3;87
26;01;1999;12;3;76
26;01;1999;13;3;72
26;01;1999;14;3;94
26;01;1999;15;3;100
26;01;1999;16;3;126
26;01;1999;17;3;84
26;01;1999;18;3;58
26;01;1999;19;3;61
26;01;1999;20;3;32
26;01;1999;21;3;43
26;01;1999;22;3;45
27;01;1999;9;4;86
27;01;1999;10;4;86
27;01;1999;11;4;81
27;01;1999;12;4;65
27;01;1999;13;4;58
27;01;1999;14;4;81
27;01;1999;15;4;87
27;01;1999;16;4;51
27;01;1999;17;4;64
27;01;1999;18;4;49
27;01;1999;19;4;60
27;01;1999;20;4;42
27;01;1999;21;4;34
27;01;1999;22;4;36
28;01;1999;9;5;88
28;01;1999;10;5;101
28;01;1999;11;5;79
28;01;1999;12;5;81
28;01;1999;13;5;78
28;01;1999;14;5;95
28;01;1999;15;5;102
28;01;1999;16;5;148
28;01;1999;17;5;68
28;01;1999;18;5;48
28;01;1999;19;5;39
28;01;1999;20;5;37
28;01;1999;21;5;33
28;01;1999;22;5;40
31;01;1999;9;1;81
31;01;1999;10;1;104
31;01;1999;11;1;81
31;01;1999;12;1;85
31;01;1999;13;1;89
31;01;1999;14;1;93
31;01;1999;15;1;92
31;01;1999;16;1;156
31;01;1999;17;1;76
31;01;1999;18;1;61
31;01;1999;19;1;65
31;01;1999;20;1;44
31;01;1999;21;1;34
31;01;1999;22;1;32
01;02;1999;9;2;119
01;02;1999;10;2;111
01;02;1999;11;2;131
01;02;1999;12;2;93
01;02;1999;13;2;106
01;02;1999;14;2;110
01;02;1999;15;2;97
01;02;1999;16;2;90
01;02;1999;17;2;71
01;02;1999;18;2;120
01;02;1999;19;2;70
01;02;1999;20;2;88
01;02;1999;21;2;62
01;02;1999;22;2;49
02;02;1999;9;3;133
02;02;1999;10;3;159
02;02;1999;11;3;131
02;02;1999;12;3;114
02;02;1999;13;3;133
02;02;1999;14;3;133
02;02;1999;15;3;150
02;02;1999;16;3;157
02;02;1999;17;3;115
02;02;1999;18;3;82
02;02;1999;19;3;90
02;02;1999;20;3;67
02;02;1999;21;3;75
02;02;1999;22;3;51
03;02;1999;9;4;108
03;02;1999;10;4;126
03;02;1999;11;4;126
03;02;1999;12;4;102
03;02;1999;13;4;494
03;02;1999;14;4;145
03;02;1999;15;4;118
03;02;1999;16;4;65
03;02;1999;17;4;68
03;02;1999;18;4;83
03;02;1999;19;4;105
03;02;1999;20;4;66
03;02;1999;21;4;68
03;02;1999;22;4;50
04;02;1999;9;5;96
04;02;1999;10;5;117
04;02;1999;11;5;91
04;02;1999;12;5;84
04;02;1999;13;5;88
04;02;1999;14;5;95
04;02;1999;15;5;106
04;02;1999;16;5;154
04;02;1999;17;5;106
04;02;1999;18;5;81
04;02;1999;19;5;71
04;02;1999;20;5;62
04;02;1999;21;5;34
04;02;1999;22;5;43
07;02;1999;9;1;131
07;02;1999;10;1;129
07;02;1999;11;1;130
07;02;1999;12;1;103
07;02;1999;13;1;83
07;02;1999;14;1;110
07;02;1999;15;1;109
07;02;1999;16;1;156
07;02;1999;17;1;103
07;02;1999;18;1;66
07;02;1999;19;1;43
07;02;1999;20;1;50
07;02;1999;21;1;62
07;02;1999;22;1;47
08;02;1999;9;2;97
08;02;1999;10;2;119
08;02;1999;11;2;74
08;02;1999;12;2;88
08;02;1999;13;2;79
08;02;1999;14;2;103
08;02;1999;15;2;82
08;02;1999;16;2;64
08;02;1999;17;2;60
08;02;1999;18;2;81
08;02;1999;19;2;66
08;02;1999;20;2;49
08;02;1999;21;2;32
08;02;1999;22;2;39
09;02;1999;9;3;51
09;02;1999;10;3;81
09;02;1999;11;3;99
09;02;1999;12;3;82
09;02;1999;13;3;73
09;02;1999;14;3;121
09;02;1999;15;3;115
09;02;1999;16;3;170
09;02;1999;17;3;133
09;02;1999;18;3;137
09;02;1999;19;3;58
09;02;1999;20;3;81
09;02;1999;21;3;66
09;02;1999;22;3;46
10;02;1999;9;4;114
10;02;1999;10;4;135
10;02;1999;11;4;129
10;02;1999;12;4;110
10;02;1999;13;4;99
10;02;1999;14;4;92
10;02;1999;15;4;123
10;02;1999;16;4;112
10;02;1999;17;4;87
10;02;1999;18;4;125
10;02;1999;19;4;92
10;02;1999;20;4;78
10;02;1999;21;4;77
10;02;1999;22;4;71
11;02;1999;9;5;129
11;02;1999;10;5;154
11;02;1999;11;5;145
11;02;1999;12;5;112
11;02;1999;13;5;110
11;02;1999;14;5;152
11;02;1999;15;5;140
11;02;1999;16;5;190
11;02;1999;17;5;123
11;02;1999;18;5;83
11;02;1999;19;5;45
11;02;1999;20;5;53
11;02;1999;21;5;39
11;02;1999;22;5;46
14;02;1999;9;1;112
14;02;1999;10;1;124
14;02;1999;11;1;89
14;02;1999;12;1;78
14;02;1999;13;1;78
14;02;1999;14;1;79
14;02;1999;15;1;83
14;02;1999;16;1;117
14;02;1999;17;1;105
14;02;1999;18;1;51
14;02;1999;19;1;48
14;02;1999;20;1;45
14;02;1999;21;1;254
14;02;1999;22;1;165
15;02;1999;9;2;119
15;02;1999;10;2;116
15;02;1999;11;2;111
15;02;1999;12;2;99
15;02;1999;13;2;115
15;02;1999;14;2;136
15;02;1999;15;2;137
15;02;1999;16;2;109
15;02;1999;17;2;76
15;02;1999;18;2;91
15;02;1999;19;2;63
15;02;1999;20;2;46
15;02;1999;21;2;54
15;02;1999;22;2;52
16;02;1999;9;3;141
16;02;1999;10;3;159
16;02;1999;11;3;150
16;02;1999;12;3;97
16;02;1999;13;3;135
16;02;1999;14;3;107
16;02;1999;15;3;118
16;02;1999;16;3;128
16;02;1999;17;3;116
16;02;1999;18;3;74
16;02;1999;19;3;76
16;02;1999;20;3;65
16;02;1999;21;3;68
16;02;1999;22;3;61
17;02;1999;9;4;132
17;02;1999;10;4;133
17;02;1999;11;4;120
17;02;1999;12;4;89
17;02;1999;13;4;138
17;02;1999;14;4;117
17;02;1999;15;4;112
17;02;1999;16;4;60
17;02;1999;17;4;76
17;02;1999;18;4;71
17;02;1999;19;4;78
17;02;1999;20;4;59
17;02;1999;21;4;53
17;02;1999;22;4;55
18;02;1999;9;5;86
18;02;1999;10;5;134
18;02;1999;11;5;119
18;02;1999;12;5;85
18;02;1999;13;5;95
18;02;1999;14;5;121
18;02;1999;15;5;121
18;02;1999;16;5;125
18;02;1999;17;5;88
18;02;1999;18;5;64
18;02;1999;19;5;50
18;02;1999;20;5;51
18;02;1999;21;5;41
18;02;1999;22;5;37
21;02;1999;9;1;114
21;02;1999;10;1;125
21;02;1999;11;1;132
21;02;1999;12;1;93
21;02;1999;13;1;125
21;02;1999;14;1;120
21;02;1999;15;1;107
21;02;1999;16;1;162
21;02;1999;17;1;199
21;02;1999;18;1;112
21;02;1999;19;1;115
21;02;1999;20;1;33
21;02;1999;21;1;19
21;02;1999;22;1;16
22;02;1999;9;2;141
22;02;1999;10;2;123
22;02;1999;11;2;143
22;02;1999;12;2;97
22;02;1999;13;2;102
22;02;1999;14;2;129
22;02;1999;15;2;99
22;02;1999;16;2;74
22;02;1999;17;2;60
22;02;1999;18;2;72
22;02;1999;19;2;60
22;02;1999;20;2;70
22;02;1999;21;2;62
22;02;1999;22;2;53
23;02;1999;9;3;90
23;02;1999;10;3;135
23;02;1999;11;3;116
23;02;1999;12;3;98
23;02;1999;13;3;98
23;02;1999;14;3;106
23;02;1999;15;3;106
23;02;1999;16;3;105
23;02;1999;17;3;70
23;02;1999;18;3;64
23;02;1999;19;3;55
23;02;1999;20;3;61
23;02;1999;21;3;52
23;02;1999;22;3;54
24;02;1999;9;4;85
24;02;1999;10;4;110
24;02;1999;11;4;73
24;02;1999;12;4;85
24;02;1999;13;4;86
24;02;1999;14;4;112
24;02;1999;15;4;113
24;02;1999;16;4;38
24;02;1999;17;4;73
24;02;1999;18;4;82
24;02;1999;19;4;72
24;02;1999;20;4;70
24;02;1999;21;4;49
24;02;1999;22;4;55
25;02;1999;9;5;95
25;02;1999;10;5;114
25;02;1999;11;5;93
25;02;1999;12;5;103
25;02;1999;13;5;86
25;02;1999;14;5;107
25;02;1999;15;5;134
25;02;1999;16;5;115
25;02;1999;17;5;87
25;02;1999;18;5;68
25;02;1999;19;5;49
25;02;1999;20;5;46
25;02;1999;21;5;48
25;02;1999;22;5;48
28;02;1999;9;1;101
28;02;1999;10;1;119
28;02;1999;11;1;89
28;02;1999;12;1;87
28;02;1999;13;1;100
28;02;1999;14;1;123
28;02;1999;15;1;117
28;02;1999;16;1;148
28;02;1999;17;1;90
28;02;1999;18;1;75
28;02;1999;19;1;39
28;02;1999;20;1;42
28;02;1999;21;1;31
28;02;1999;22;1;32
01;03;1999;9;2;143
01;03;1999;10;2;162
01;03;1999;11;2;157
01;03;1999;12;2;131
01;03;1999;13;2;163
01;03;1999;14;2;140
01;03;1999;15;2;146
01;03;1999;16;2;120
01;03;1999;17;2;92
01;03;1999;18;2;62
01;03;1999;19;2;44
01;03;1999;20;2;56
01;03;1999;21;2;60
01;03;1999;22;2;35
02;03;1999;9;3;136
02;03;1999;10;3;115
02;03;1999;11;3;101
02;03;1999;12;3;64
02;03;1999;13;3;54
02;03;1999;14;3;13
02;03;1999;15;3;
02;03;1999;16;3;
02;03;1999;17;3;
02;03;1999;18;3;
02;03;1999;19;3;53
02;03;1999;20;3;46
02;03;1999;21;3;37
02;03;1999;22;3;41
03;03;1999;9;4;155
03;03;1999;10;4;195
03;03;1999;11;4;157
03;03;1999;12;4;135
03;03;1999;13;4;153
03;03;1999;14;4;118
03;03;1999;15;4;137
03;03;1999;16;4;99
03;03;1999;17;4;90
03;03;1999;18;4;81
03;03;1999;19;4;77
03;03;1999;20;4;62
03;03;1999;21;4;89
03;03;1999;22;4;64
04;03;1999;9;5;118
04;03;1999;10;5;172
04;03;1999;11;5;193
04;03;1999;12;5;141
04;03;1999;13;5;157
04;03;1999;14;5;177
04;03;1999;15;5;155
04;03;1999;16;5;208
04;03;1999;17;5;171
04;03;1999;18;5;101
04;03;1999;19;5;104
04;03;1999;20;5;60
04;03;1999;21;5;60
04;03;1999;22;5;50
07;03;1999;9;1;144
07;03;1999;10;1;198
07;03;1999;11;1;167
07;03;1999;12;1;149
07;03;1999;13;1;157
07;03;1999;14;1;139
07;03;1999;15;1;189
07;03;1999;16;1;213
07;03;1999;17;1;136
07;03;1999;18;1;85
07;03;1999;19;1;78
07;03;1999;20;1;72
07;03;1999;21;1;65
07;03;1999;22;1;52
08;03;1999;9;2;116
08;03;1999;10;2;165
08;03;1999;11;2;75
08;03;1999;12;2;
08;03;1999;13;2;
08;03;1999;14;2;
08;03;1999;15;2;
08;03;1999;16;2;
08;03;1999;17;2;
08;03;1999;18;2;
08;03;1999;19;2;
08;03;1999;20;2;
08;03;1999;21;2;
08;03;1999;22;2;
09;03;1999;9;3;80
09;03;1999;10;3;108
09;03;1999;11;3;91
09;03;1999;12;3;106
09;03;1999;13;3;99
09;03;1999;14;3;140
09;03;1999;15;3;170
09;03;1999;16;3;218
09;03;1999;17;3;169
09;03;1999;18;3;125
09;03;1999;19;3;91
09;03;1999;20;3;97
09;03;1999;21;3;90
09;03;1999;22;3;70
10;03;1999;9;4;152
10;03;1999;10;4;163
10;03;1999;11;4;120
10;03;1999;12;4;134
10;03;1999;13;4;145
10;03;1999;14;4;217
10;03;1999;15;4;170
10;03;1999;16;4;159
10;03;1999;17;4;130
10;03;1999;18;4;105
10;03;1999;19;4;85
10;03;1999;20;4;105
10;03;1999;21;4;86
10;03;1999;22;4;67
11;03;1999;9;5;180
11;03;1999;10;5;175
11;03;1999;11;5;167
11;03;1999;12;5;153
11;03;1999;13;5;141
11;03;1999;14;5;169
11;03;1999;15;5;150
11;03;1999;16;5;210
11;03;1999;17;5;154
11;03;1999;18;5;141
11;03;1999;19;5;102
11;03;1999;20;5;98
11;03;1999;21;5;97
11;03;1999;22;5;44
14;03;1999;9;1;137
14;03;1999;10;1;154
14;03;1999;11;1;169
14;03;1999;12;1;148
14;03;1999;13;1;176
14;03;1999;14;1;153
14;03;1999;15;1;189
14;03;1999;16;1;194
14;03;1999;17;1;135
14;03;1999;18;1;112
14;03;1999;19;1;95
14;03;1999;20;1;42
14;03;1999;21;1;54
14;03;1999;22;1;42
15;03;1999;9;2;139
15;03;1999;10;2;181
15;03;1999;11;2;186
15;03;1999;12;2;154
15;03;1999;13;2;120
15;03;1999;14;2;128
15;03;1999;15;2;108
15;03;1999;16;2;68
15;03;1999;17;2;87
15;03;1999;18;2;98
15;03;1999;19;2;94
15;03;1999;20;2;92
15;03;1999;21;2;78
15;03;1999;22;2;42
16;03;1999;9;3;134
16;03;1999;10;3;120
16;03;1999;11;3;92
16;03;1999;12;3;78
16;03;1999;13;3;95
16;03;1999;14;3;107
16;03;1999;15;3;65
16;03;1999;16;3;87
16;03;1999;17;3;83
16;03;1999;18;3;67
16;03;1999;19;3;45
16;03;1999;20;3;57
16;03;1999;21;3;44
16;03;1999;22;3;38
17;03;1999;9;4;131
17;03;1999;10;4;100
17;03;1999;11;4;93
17;03;1999;12;4;78
17;03;1999;13;4;77
17;03;1999;14;4;90
17;03;1999;15;4;42
17;03;1999;16;4;62
17;03;1999;17;4;51
17;03;1999;18;4;66
17;03;1999;19;4;56
17;03;1999;20;4;33
17;03;1999;21;4;57
17;03;1999;22;4;54
18;03;1999;9;5;145
18;03;1999;10;5;139
18;03;1999;11;5;112
18;03;1999;12;5;139
18;03;1999;13;5;128
18;03;1999;14;5;125
18;03;1999;15;5;108
18;03;1999;16;5;147
18;03;1999;17;5;145
18;03;1999;18;5;78
18;03;1999;19;5;85
18;03;1999;20;5;69
18;03;1999;21;5;59
18;03;1999;22;5;35
21;03;1999;9;1;149
21;03;1999;10;1;160
21;03;1999;11;1;173
21;03;1999;12;1;157
21;03;1999;13;1;148
21;03;1999;14;1;150
21;03;1999;15;1;155
21;03;1999;16;1;160
21;03;1999;17;1;108
21;03;1999;18;1;59
21;03;1999;19;1;54
21;03;1999;20;1;51
21;03;1999;21;1;35
21;03;1999;22;1;45
22;03;1999;9;2;147
22;03;1999;10;2;134
22;03;1999;11;2;39
22;03;1999;12;2;
22;03;1999;13;2;1
22;03;1999;14;2;128
22;03;1999;15;2;123
22;03;1999;16;2;125
22;03;1999;17;2;107
22;03;1999;18;2;94
22;03;1999;19;2;81
22;03;1999;20;2;65
22;03;1999;21;2;55
22;03;1999;22;2;59
23;03;1999;9;3;121
23;03;1999;10;3;152
23;03;1999;11;3;146
23;03;1999;12;3;133
23;03;1999;13;3;124
23;03;1999;14;3;124
23;03;1999;15;3;158
23;03;1999;16;3;169
23;03;1999;17;3;134
23;03;1999;18;3;97
23;03;1999;19;3;70
23;03;1999;20;3;51
23;03;1999;21;3;44
23;03;1999;22;3;54
24;03;1999;9;4;98
24;03;1999;10;4;122
24;03;1999;11;4;124
24;03;1999;12;4;98
24;03;1999;13;4;110
24;03;1999;14;4;94
24;03;1999;15;4;116
24;03;1999;16;4;107
24;03;1999;17;4;100
24;03;1999;18;4;76
24;03;1999;19;4;63
24;03;1999;20;4;66
24;03;1999;21;4;62
24;03;1999;22;4;51
25;03;1999;9;5;140
25;03;1999;10;5;131
25;03;1999;11;5;128
25;03;1999;12;5;85
25;03;1999;13;5;94
25;03;1999;14;5;92
25;03;1999;15;5;99
25;03;1999;16;5;118
25;03;1999;17;5;100
25;03;1999;18;5;68
25;03;1999;19;5;54
25;03;1999;20;5;34
25;03;1999;21;5;42
25;03;1999;22;5;41
28;03;1999;9;1;121
28;03;1999;10;1;138
28;03;1999;11;1;105
28;03;1999;12;1;104
28;03;1999;13;1;108
28;03;1999;14;1;142
28;03;1999;15;1;113
28;03;1999;16;1;137
28;03;1999;17;1;127
28;03;1999;18;1;84
28;03;1999;19;1;64
28;03;1999;20;1;35
28;03;1999;21;1;5
28;03;1999;22;1;32
29;03;1999;9;2;112
29;03;1999;10;2;139
29;03;1999;11;2;98
29;03;1999;12;2;96
29;03;1999;13;2;87
29;03;1999;14;2;102
29;03;1999;15;2;87
29;03;1999;16;2;93
29;03;1999;17;2;60
29;03;1999;18;2;62
29;03;1999;19;2;67
29;03;1999;20;2;53
29;03;1999;21;2;36
29;03;1999;22;2;35
30;03;1999;9;3;124
30;03;1999;10;3;139
30;03;1999;11;3;128
30;03;1999;12;3;104
30;03;1999;13;3;100
30;03;1999;14;3;101
30;03;1999;15;3;123
30;03;1999;16;3;169
30;03;1999;17;3;82
30;03;1999;18;3;71
30;03;1999;19;3;57
30;03;1999;20;3;35
30;03;1999;21;3;35
30;03;1999;22;3;44
31;03;1999;9;4;98
31;03;1999;10;4;108
31;03;1999;11;4;91
31;03;1999;12;4;48
31;03;1999;13;4;34
31;03;1999;14;4;12
31;03;1999;15;4;6
31;03;1999;16;4;3
31;03;1999;17;4;2
31;03;1999;18;4;
31;03;1999;19;4;
31;03;1999;20;4;
31;03;1999;21;4;
31;03;1999;22;4;
01;04;1999;9;5;
01;04;1999;10;5;
01;04;1999;11;5;
01;04;1999;12;5;
01;04;1999;13;5;
01;04;1999;14;5;1
01;04;1999;15;5;
01;04;1999;16;5;
01;04;1999;17;5;
01;04;1999;18;5;1
01;04;1999;19;5;4
01;04;1999;20;5;57
01;04;1999;21;5;33
01;04;1999;22;5;19
04;04;1999;9;1;118
04;04;1999;10;1;140
04;04;1999;11;1;153
04;04;1999;12;1;163
04;04;1999;13;1;168
04;04;1999;14;1;121
04;04;1999;15;1;95
04;04;1999;16;1;126
04;04;1999;17;1;89
04;04;1999;18;1;65
04;04;1999;19;1;29
04;04;1999;20;1;6
04;04;1999;21;1;13
04;04;1999;22;1;35
05;04;1999;9;2;119
05;04;1999;10;2;132
05;04;1999;11;2;134
05;04;1999;12;2;121
05;04;1999;13;2;117
05;04;1999;14;2;105
05;04;1999;15;2;65
05;04;1999;16;2;63
05;04;1999;17;2;51
05;04;1999;18;2;53
05;04;1999;19;2;58
05;04;1999;20;2;38
05;04;1999;21;2;50
05;04;1999;22;2;38
06;04;1999;9;3;
06;04;1999;10;3;
06;04;1999;11;3;
06;04;1999;12;3;
06;04;1999;13;3;2
06;04;1999;14;3;39
06;04;1999;15;3;19
06;04;1999;16;3;10
06;04;1999;17;3;7
06;04;1999;18;3;
06;04;1999;19;3;1
06;04;1999;20;3;
06;04;1999;21;3;
06;04;1999;22;3;
07;04;1999;9;4;
07;04;1999;10;4;
07;04;1999;11;4;2
07;04;1999;12;4;1
07;04;1999;13;4;
07;04;1999;14;4;
07;04;1999;15;4;
07;04;1999;16;4;
07;04;1999;17;4;
07;04;1999;18;4;2
07;04;1999;19;4;2
07;04;1999;20;4;33
07;04;1999;21;4;66
07;04;1999;22;4;40
08;04;1999;9;5;121
08;04;1999;10;5;106
08;04;1999;11;5;143
08;04;1999;12;5;124
08;04;1999;13;5;145
08;04;1999;14;5;122
08;04;1999;15;5;99
08;04;1999;16;5;172
08;04;1999;17;5;142
08;04;1999;18;5;110
08;04;1999;19;5;89
08;04;1999;20;5;85
08;04;1999;21;5;81
08;04;1999;22;5;46
11;04;1999;9;1;128
11;04;1999;10;1;131
11;04;1999;11;1;155
11;04;1999;12;1;186
11;04;1999;13;1;121
11;04;1999;14;1;159
11;04;1999;15;1;167
11;04;1999;16;1;213
11;04;1999;17;1;157
11;04;1999;18;1;107
11;04;1999;19;1;90
11;04;1999;20;1;70
11;04;1999;21;1;76
11;04;1999;22;1;56
12;04;1999;9;2;120
12;04;1999;10;2;172
12;04;1999;11;2;159
12;04;1999;12;2;131
12;04;1999;13;2;136
12;04;1999;14;2;134
12;04;1999;15;2;131
12;04;1999;16;2;117
12;04;1999;17;2;109
12;04;1999;18;2;110
12;04;1999;19;2;103
12;04;1999;20;2;68
12;04;1999;21;2;87
12;04;1999;22;2;75
13;04;1999;9;3;124
13;04;1999;10;3;161
13;04;1999;11;3;130
13;04;1999;12;3;144
13;04;1999;13;3;154
13;04;1999;14;3;140
13;04;1999;15;3;131
13;04;1999;16;3;144
13;04;1999;17;3;118
13;04;1999;18;3;80
13;04;1999;19;3;69
13;04;1999;20;3;77
13;04;1999;21;3;75
13;04;1999;22;3;51
14;04;1999;9;4;105
14;04;1999;10;4;145
14;04;1999;11;4;140
14;04;1999;12;4;126
14;04;1999;13;4;98
14;04;1999;14;4;121
14;04;1999;15;4;109
14;04;1999;16;4;91
14;04;1999;17;4;81
14;04;1999;18;4;85
14;04;1999;19;4;79
14;04;1999;20;4;56
14;04;1999;21;4;72
14;04;1999;22;4;79
15;04;1999;9;5;110
15;04;1999;10;5;131
15;04;1999;11;5;113
15;04;1999;12;5;102
15;04;1999;13;5;130
15;04;1999;14;5;119
15;04;1999;15;5;105
15;04;1999;16;5;112
15;04;1999;17;5;159
15;04;1999;18;5;107
15;04;1999;19;5;59
15;04;1999;20;5;55
15;04;1999;21;5;43
15;04;1999;22;5;41
18;04;1999;9;1;119
18;04;1999;10;1;149
18;04;1999;11;1;121
18;04;1999;12;1;110
18;04;1999;13;1;119
18;04;1999;14;1;126
18;04;1999;15;1;143
18;04;1999;16;1;131
18;04;1999;17;1;141
18;04;1999;18;1;71
18;04;1999;19;1;60
18;04;1999;20;1;42
18;04;1999;21;1;42
18;04;1999;22;1;39
19;04;1999;9;2;88
19;04;1999;10;2;113
19;04;1999;11;2;114
19;04;1999;12;2;93
19;04;1999;13;2;106
19;04;1999;14;2;141
19;04;1999;15;2;115
19;04;1999;16;2;102
19;04;1999;17;2;84
19;04;1999;18;2;67
19;04;1999;19;2;44
19;04;1999;20;2;48
19;04;1999;21;2;52
19;04;1999;22;2;58
20;04;1999;9;3;77
20;04;1999;10;3;95
20;04;1999;11;3;62
20;04;1999;12;3;72
20;04;1999;13;3;76
20;04;1999;14;3;64
20;04;1999;15;3;26
20;04;1999;16;3;30
20;04;1999;17;3;44
20;04;1999;18;3;25
20;04;1999;19;3;18
20;04;1999;20;3;16
20;04;1999;21;3;14
20;04;1999;22;3;22
21;04;1999;9;4;27
21;04;1999;10;4;19
21;04;1999;11;4;21
21;04;1999;12;4;15
21;04;1999;13;4;25
21;04;1999;14;4;18
21;04;1999;15;4;12
21;04;1999;16;4;18
21;04;1999;17;4;19
21;04;1999;18;4;23
21;04;1999;19;4;61
21;04;1999;20;4;56
21;04;1999;21;4;49
21;04;1999;22;4;47
22;04;1999;9;5;138
22;04;1999;10;5;166
22;04;1999;11;5;150
22;04;1999;12;5;146
22;04;1999;13;5;138
22;04;1999;14;5;155
22;04;1999;15;5;133
22;04;1999;16;5;181
22;04;1999;17;5;134
22;04;1999;18;5;126
22;04;1999;19;5;64
22;04;1999;20;5;67
22;04;1999;21;5;54
22;04;1999;22;5;39
25;04;1999;9;1;120
25;04;1999;10;1;144
25;04;1999;11;1;129
25;04;1999;12;1;144
25;04;1999;13;1;133
25;04;1999;14;1;151
25;04;1999;15;1;134
25;04;1999;16;1;184
25;04;1999;17;1;118
25;04;1999;18;1;79
25;04;1999;19;1;43
25;04;1999;20;1;56
25;04;1999;21;1;47
25;04;1999;22;1;36
26;04;1999;9;2;99
26;04;1999;10;2;109
26;04;1999;11;2;112
26;04;1999;12;2;92
26;04;1999;13;2;116
26;04;1999;14;2;135
26;04;1999;15;2;104
26;04;1999;16;2;96
26;04;1999;17;2;70
26;04;1999;18;2;77
26;04;1999;19;2;63
26;04;1999;20;2;71
26;04;1999;21;2;55
26;04;1999;22;2;56
27;04;1999;9;3;92
27;04;1999;10;3;122
27;04;1999;11;3;107
27;04;1999;12;3;123
27;04;1999;13;3;120
27;04;1999;14;3;114
27;04;1999;15;3;116
27;04;1999;16;3;143
27;04;1999;17;3;142
27;04;1999;18;3;112
27;04;1999;19;3;42
27;04;1999;20;3;51
27;04;1999;21;3;64
27;04;1999;22;3;62
28;04;1999;9;4;123
28;04;1999;10;4;153
28;04;1999;11;4;122
28;04;1999;12;4;102
28;04;1999;13;4;115
28;04;1999;14;4;115
28;04;1999;15;4;112
28;04;1999;16;4;97
28;04;1999;17;4;90
28;04;1999;18;4;69
28;04;1999;19;4;53
28;04;1999;20;4;6
28;04;1999;21;4;46
28;04;1999;22;4;97
29;04;1999;9;5;112
29;04;1999;10;5;120
29;04;1999;11;5;109
29;04;1999;12;5;124
29;04;1999;13;5;107
29;04;1999;14;5;111
29;04;1999;15;5;142
29;04;1999;16;5;134
29;04;1999;17;5;126
29;04;1999;18;5;83
29;04;1999;19;5;61
29;04;1999;20;5;42
29;04;1999;21;5;39
29;04;1999;22;5;38
02;05;1999;9;1;137
02;05;1999;10;1;172
02;05;1999;11;1;157
02;05;1999;12;1;155
02;05;1999;13;1;145
02;05;1999;14;1;152
02;05;1999;15;1;154
02;05;1999;16;1;191
02;05;1999;17;1;158
02;05;1999;18;1;95
02;05;1999;19;1;81
02;05;1999;20;1;70
02;05;1999;21;1;69
02;05;1999;22;1;52
03;05;1999;9;2;123
03;05;1999;10;2;152
03;05;1999;11;2;156
03;05;1999;12;2;167
03;05;1999;13;2;136
03;05;1999;14;2;164
03;05;1999;15;2;149
03;05;1999;16;2;107
03;05;1999;17;2;92
03;05;1999;18;2;94
03;05;1999;19;2;65
03;05;1999;20;2;71
03;05;1999;21;2;67
03;05;1999;22;2;47
04;05;1999;9;3;129
04;05;1999;10;3;150
04;05;1999;11;3;119
04;05;1999;12;3;131
04;05;1999;13;3;164
04;05;1999;14;3;145
04;05;1999;15;3;115
04;05;1999;16;3;120
04;05;1999;17;3;116
04;05;1999;18;3;73
04;05;1999;19;3;74
04;05;1999;20;3;70
04;05;1999;21;3;63
04;05;1999;22;3;72
05;05;1999;9;4;117
05;05;1999;10;4;101
05;05;1999;11;4;142
05;05;1999;12;4;82
05;05;1999;13;4;93
05;05;1999;14;4;129
05;05;1999;15;4;137
05;05;1999;16;4;110
05;05;1999;17;4;57
05;05;1999;18;4;79
05;05;1999;19;4;49
05;05;1999;20;4;70
05;05;1999;21;4;74
05;05;1999;22;4;42
06;05;1999;9;5;97
06;05;1999;10;5;116
06;05;1999;11;5;103
06;05;1999;12;5;129
06;05;1999;13;5;139
06;05;1999;14;5;148
06;05;1999;15;5;136
06;05;1999;16;5;186
06;05;1999;17;5;136
06;05;1999;18;5;92
06;05;1999;19;5;55
06;05;1999;20;5;65
06;05;1999;21;5;52
06;05;1999;22;5;46
09;05;1999;9;1;143
09;05;1999;10;1;166
09;05;1999;11;1;162
09;05;1999;12;1;134
09;05;1999;13;1;160
09;05;1999;14;1;172
09;05;1999;15;1;166
09;05;1999;16;1;189
09;05;1999;17;1;128
09;05;1999;18;1;105
09;05;1999;19;1;62
09;05;1999;20;1;39
09;05;1999;21;1;46
09;05;1999;22;1;9
10;05;1999;9;2;123
10;05;1999;10;2;154
10;05;1999;11;2;140
10;05;1999;12;2;140
10;05;1999;13;2;173
10;05;1999;14;2;170
10;05;1999;15;2;119
10;05;1999;16;2;157
10;05;1999;17;2;103
10;05;1999;18;2;91
10;05;1999;19;2;71
10;05;1999;20;2;93
10;05;1999;21;2;96
10;05;1999;22;2;83
11;05;1999;9;3;121
11;05;1999;10;3;159
11;05;1999;11;3;128
11;05;1999;12;3;139
11;05;1999;13;3;144
11;05;1999;14;3;155
11;05;1999;15;3;129
11;05;1999;16;3;140
11;05;1999;17;3;168
11;05;1999;18;3;111
11;05;1999;19;3;92
11;05;1999;20;3;76
11;05;1999;21;3;73
11;05;1999;22;3;76
12;05;1999;9;4;106
12;05;1999;10;4;144
12;05;1999;11;4;112
12;05;1999;12;4;129
12;05;1999;13;4;98
12;05;1999;14;4;130
12;05;1999;15;4;129
12;05;1999;16;4;81
12;05;1999;17;4;129
12;05;1999;18;4;97
12;05;1999;19;4;80
12;05;1999;20;4;63
12;05;1999;21;4;58
12;05;1999;22;4;49
13;05;1999;9;5;122
13;05;1999;10;5;123
13;05;1999;11;5;98
13;05;1999;12;5;122
13;05;1999;13;5;108
13;05;1999;14;5;125
13;05;1999;15;5;128
13;05;1999;16;5;146
13;05;1999;17;5;120
13;05;1999;18;5;86
13;05;1999;19;5;46
13;05;1999;20;5;192
13;05;1999;21;5;83
13;05;1999;22;5;52
16;05;1999;9;1;125
16;05;1999;10;1;174
16;05;1999;11;1;146
16;05;1999;12;1;142
16;05;1999;13;1;76
16;05;1999;14;1;154
16;05;1999;15;1;171
16;05;1999;16;1;182
16;05;1999;17;1;111
16;05;1999;18;1;86
16;05;1999;19;1;53
16;05;1999;20;1;52
16;05;1999;21;1;39
16;05;1999;22;1;32
17;05;1999;9;2;63
17;05;1999;10;2;55
17;05;1999;11;2;45
17;05;1999;12;2;28
17;05;1999;13;2;28
17;05;1999;14;2;17
17;05;1999;15;2;23
17;05;1999;16;2;23
17;05;1999;17;2;27
17;05;1999;18;2;26
17;05;1999;19;2;27
17;05;1999;20;2;26
17;05;1999;21;2;39
17;05;1999;22;2;33
18;05;1999;9;3;110
18;05;1999;10;3;156
18;05;1999;11;3;149
18;05;1999;12;3;158
18;05;1999;13;3;161
18;05;1999;14;3;148
18;05;1999;15;3;189
18;05;1999;16;3;164
18;05;1999;17;3;134
18;05;1999;18;3;123
18;05;1999;19;3;43
18;05;1999;20;3;52
18;05;1999;21;3;69
18;05;1999;22;3;47
19;05;1999;9;4;105
19;05;1999;10;4;127
19;05;1999;11;4;153
19;05;1999;12;4;102
19;05;1999;13;4;137
19;05;1999;14;4;120
19;05;1999;15;4;143
19;05;1999;16;4;82
19;05;1999;17;4;70
19;05;1999;18;4;79
19;05;1999;19;4;69
19;05;1999;20;4;65
19;05;1999;21;4;58
19;05;1999;22;4;41
20;05;1999;9;5;97
20;05;1999;10;5;72
20;05;1999;11;5;79
20;05;1999;12;5;72
20;05;1999;13;5;38
20;05;1999;14;5;22
20;05;1999;15;5;9
20;05;1999;16;5;7
20;05;1999;17;5;11
20;05;1999;18;5;1
20;05;1999;19;5;
20;05;1999;20;5;
20;05;1999;21;5;1
20;05;1999;22;5;
23;05;1999;9;1;109
23;05;1999;10;1;156
23;05;1999;11;1;125
23;05;1999;12;1;129
23;05;1999;13;1;174
23;05;1999;14;1;145
23;05;1999;15;1;140
23;05;1999;16;1;158
23;05;1999;17;1;151
23;05;1999;18;1;96
23;05;1999;19;1;58
23;05;1999;20;1;281
23;05;1999;21;1;400
23;05;1999;22;1;612
24;05;1999;9;2;106
24;05;1999;10;2;162
24;05;1999;11;2;125
24;05;1999;12;2;98
24;05;1999;13;2;137
24;05;1999;14;2;117
24;05;1999;15;2;124
24;05;1999;16;2;91
24;05;1999;17;2;79
24;05;1999;18;2;63
24;05;1999;19;2;70
24;05;1999;20;2;75
24;05;1999;21;2;69
24;05;1999;22;2;73
25;05;1999;9;3;108
25;05;1999;10;3;180
25;05;1999;11;3;125
25;05;1999;12;3;107
25;05;1999;13;3;125
25;05;1999;14;3;132
25;05;1999;15;3;148
25;05;1999;16;3;153
25;05;1999;17;3;148
25;05;1999;18;3;112
25;05;1999;19;3;69
25;05;1999;20;3;69
25;05;1999;21;3;64
25;05;1999;22;3;57
26;05;1999;9;4;124
26;05;1999;10;4;126
26;05;1999;11;4;105
26;05;1999;12;4;99
26;05;1999;13;4;150
26;05;1999;14;4;139
26;05;1999;15;4;129
26;05;1999;16;4;89
26;05;1999;17;4;91
26;05;1999;18;4;65
26;05;1999;19;4;69
26;05;1999;20;4;68
26;05;1999;21;4;52
26;05;1999;22;4;51
27;05;1999;9;5;115
27;05;1999;10;5;142
27;05;1999;11;5;103
27;05;1999;12;5;89
27;05;1999;13;5;111
27;05;1999;14;5;126
27;05;1999;15;5;136
27;05;1999;16;5;131
27;05;1999;17;5;122
27;05;1999;18;5;75
27;05;1999;19;5;38
27;05;1999;20;5;33
27;05;1999;21;5;57
27;05;1999;22;5;46
30;05;1999;9;1;130
30;05;1999;10;1;150
30;05;1999;11;1;107
30;05;1999;12;1;105
30;05;1999;13;1;128
30;05;1999;14;1;112
30;05;1999;15;1;126
30;05;1999;16;1;141
30;05;1999;17;1;113
30;05;1999;18;1;65
30;05;1999;19;1;67
30;05;1999;20;1;27
30;05;1999;21;1;92
30;05;1999;22;1;127
31;05;1999;9;2;122
31;05;1999;10;2;130
31;05;1999;11;2;93
31;05;1999;12;2;94
31;05;1999;13;2;94
31;05;1999;14;2;134
31;05;1999;15;2;130
31;05;1999;16;2;76
31;05;1999;17;2;55
31;05;1999;18;2;62
31;05;1999;19;2;47
31;05;1999;20;2;44
31;05;1999;21;2;51
31;05;1999;22;2;24
01;06;1999;9;3;126
01;06;1999;10;3;155
01;06;1999;11;3;128
01;06;1999;12;3;123
01;06;1999;13;3;127
01;06;1999;14;3;148
01;06;1999;15;3;126
01;06;1999;16;3;155
01;06;1999;17;3;118
01;06;1999;18;3;84
01;06;1999;19;3;68
01;06;1999;20;3;72
01;06;1999;21;3;79
01;06;1999;22;3;62
02;06;1999;9;4;140
02;06;1999;10;4;176
02;06;1999;11;4;125
02;06;1999;12;4;117
02;06;1999;13;4;162
02;06;1999;14;4;165
02;06;1999;15;4;129
02;06;1999;16;4;95
02;06;1999;17;4;90
02;06;1999;18;4;74
02;06;1999;19;4;61
02;06;1999;20;4;76
02;06;1999;21;4;61
02;06;1999;22;4;71
03;06;1999;9;5;156
03;06;1999;10;5;178
03;06;1999;11;5;127
03;06;1999;12;5;116
03;06;1999;13;5;119
03;06;1999;14;5;132
03;06;1999;15;5;150
03;06;1999;16;5;195
03;06;1999;17;5;147
03;06;1999;18;5;79
03;06;1999;19;5;65
03;06;1999;20;5;43
03;06;1999;21;5;55
03;06;1999;22;5;32
06;06;1999;9;1;113
06;06;1999;10;1;153
06;06;1999;11;1;136
06;06;1999;12;1;131
06;06;1999;13;1;109
06;06;1999;14;1;113
06;06;1999;15;1;153
06;06;1999;16;1;168
06;06;1999;17;1;143
06;06;1999;18;1;79
06;06;1999;19;1;65
06;06;1999;20;1;36
06;06;1999;21;1;28
06;06;1999;22;1;38
07;06;1999;9;2;105
07;06;1999;10;2;123
07;06;1999;11;2;99
07;06;1999;12;2;103
07;06;1999;13;2;110
07;06;1999;14;2;109
07;06;1999;15;2;120
07;06;1999;16;2;115
07;06;1999;17;2;90
07;06;1999;18;2;103
07;06;1999;19;2;69
07;06;1999;20;2;60
07;06;1999;21;2;72
07;06;1999;22;2;61
08;06;1999;9;3;105
08;06;1999;10;3;130
08;06;1999;11;3;139
08;06;1999;12;3;126
08;06;1999;13;3;132
08;06;1999;14;3;157
08;06;1999;15;3;157
08;06;1999;16;3;160
08;06;1999;17;3;142
08;06;1999;18;3;101
08;06;1999;19;3;65
08;06;1999;20;3;76
08;06;1999;21;3;66
08;06;1999;22;3;60
09;06;1999;9;4;138
09;06;1999;10;4;134
09;06;1999;11;4;130
09;06;1999;12;4;107
09;06;1999;13;4;124
09;06;1999;14;4;153
09;06;1999;15;4;157
09;06;1999;16;4;140
09;06;1999;17;4;111
09;06;1999;18;4;106
09;06;1999;19;4;72
09;06;1999;20;4;78
09;06;1999;21;4;58
09;06;1999;22;4;69
10;06;1999;9;5;126
10;06;1999;10;5;151
10;06;1999;11;5;104
10;06;1999;12;5;126
10;06;1999;13;5;153
10;06;1999;14;5;156
10;06;1999;15;5;144
10;06;1999;16;5;156
10;06;1999;17;5;118
10;06;1999;18;5;114
10;06;1999;19;5;47
10;06;1999;20;5;53
10;06;1999;21;5;60
10;06;1999;22;5;6
13;06;1999;9;1;85
13;06;1999;10;1;178
13;06;1999;11;1;145
13;06;1999;12;1;126
13;06;1999;13;1;134
13;06;1999;14;1;138
13;06;1999;15;1;164
13;06;1999;16;1;173
13;06;1999;17;1;133
13;06;1999;18;1;101
13;06;1999;19;1;68
13;06;1999;20;1;49
13;06;1999;21;1;51
13;06;1999;22;1;49
14;06;1999;9;2;122
14;06;1999;10;2;128
14;06;1999;11;2;112
14;06;1999;12;2;122
14;06;1999;13;2;100
14;06;1999;14;2;149
14;06;1999;15;2;118
14;06;1999;16;2;96
14;06;1999;17;2;84
14;06;1999;18;2;79
14;06;1999;19;2;60
14;06;1999;20;2;54
14;06;1999;21;2;39
14;06;1999;22;2;64
15;06;1999;9;3;113
15;06;1999;10;3;132
15;06;1999;11;3;100
15;06;1999;12;3;98
15;06;1999;13;3;101
15;06;1999;14;3;107
15;06;1999;15;3;133
15;06;1999;16;3;124
15;06;1999;17;3;112
15;06;1999;18;3;65
15;06;1999;19;3;55
15;06;1999;20;3;63
15;06;1999;21;3;44
15;06;1999;22;3;68
16;06;1999;9;4;94
16;06;1999;10;4;101
16;06;1999;11;4;115
16;06;1999;12;4;90
16;06;1999;13;4;394
16;06;1999;14;4;175
16;06;1999;15;4;108
16;06;1999;16;4;99
16;06;1999;17;4;93
16;06;1999;18;4;96
16;06;1999;19;4;63
16;06;1999;20;4;56
16;06;1999;21;4;76
16;06;1999;22;4;64
17;06;1999;9;5;127
17;06;1999;10;5;137
17;06;1999;11;5;129
17;06;1999;12;5;98
17;06;1999;13;5;90
17;06;1999;14;5;119
17;06;1999;15;5;115
17;06;1999;16;5;177
17;06;1999;17;5;105
17;06;1999;18;5;83
17;06;1999;19;5;58
17;06;1999;20;5;52
17;06;1999;21;5;66
17;06;1999;22;5;40
20;06;1999;9;1;117
20;06;1999;10;1;156
20;06;1999;11;1;145
20;06;1999;12;1;140
20;06;1999;13;1;105
20;06;1999;14;1;136
20;06;1999;15;1;139
20;06;1999;16;1;141
20;06;1999;17;1;126
20;06;1999;18;1;70
20;06;1999;19;1;54
20;06;1999;20;1;51
20;06;1999;21;1;40
20;06;1999;22;1;48
21;06;1999;9;2;138
21;06;1999;10;2;156
21;06;1999;11;2;137
21;06;1999;12;2;94
21;06;1999;13;2;150
21;06;1999;14;2;137
21;06;1999;15;2;131
21;06;1999;16;2;105
21;06;1999;17;2;72
21;06;1999;18;2;62
21;06;1999;19;2;71
21;06;1999;20;2;54
21;06;1999;21;2;52
21;06;1999;22;2;63
22;06;1999;9;3;113
22;06;1999;10;3;117
22;06;1999;11;3;116
22;06;1999;12;3;108
22;06;1999;13;3;104
22;06;1999;14;3;104
22;06;1999;15;3;118
22;06;1999;16;3;109
22;06;1999;17;3;97
22;06;1999;18;3;70
22;06;1999;19;3;53
22;06;1999;20;3;56
22;06;1999;21;3;46
22;06;1999;22;3;41
23;06;1999;9;4;95
23;06;1999;10;4;117
23;06;1999;11;4;90
23;06;1999;12;4;89
23;06;1999;13;4;94
23;06;1999;14;4;120
23;06;1999;15;4;121
23;06;1999;16;4;87
23;06;1999;17;4;55
23;06;1999;18;4;54
23;06;1999;19;4;39
23;06;1999;20;4;54
23;06;1999;21;4;69
23;06;1999;22;4;52
24;06;1999;9;5;85
24;06;1999;10;5;133
24;06;1999;11;5;86
24;06;1999;12;5;78
24;06;1999;13;5;101
24;06;1999;14;5;99
24;06;1999;15;5;117
24;06;1999;16;5;127
24;06;1999;17;5;106
24;06;1999;18;5;63
24;06;1999;19;5;45
24;06;1999;20;5;42
24;06;1999;21;5;41
24;06;1999;22;5;32
27;06;1999;9;1;117
27;06;1999;10;1;146
27;06;1999;11;1;97
27;06;1999;12;1;116
27;06;1999;13;1;98
27;06;1999;14;1;104
27;06;1999;15;1;120
27;06;1999;16;1;108
27;06;1999;17;1;74
27;06;1999;18;1;52
27;06;1999;19;1;54
27;06;1999;20;1;14
27;06;1999;21;1;58
27;06;1999;22;1;42
28;06;1999;9;2;106
28;06;1999;10;2;100
28;06;1999;11;2;101
28;06;1999;12;2;113
28;06;1999;13;2;111
28;06;1999;14;2;128
28;06;1999;15;2;97
28;06;1999;16;2;72
28;06;1999;17;2;55
28;06;1999;18;2;48
28;06;1999;19;2;63
28;06;1999;20;2;65
28;06;1999;21;2;57
28;06;1999;22;2;50
29;06;1999;9;3;129
29;06;1999;10;3;166
29;06;1999;11;3;109
29;06;1999;12;3;92
29;06;1999;13;3;73
29;06;1999;14;3;117
29;06;1999;15;3;112
29;06;1999;16;3;95
29;06;1999;17;3;85
29;06;1999;18;3;66
29;06;1999;19;3;42
29;06;1999;20;3;45
29;06;1999;21;3;54
29;06;1999;22;3;58
30;06;1999;9;4;106
30;06;1999;10;4;147
30;06;1999;11;4;126
30;06;1999;12;4;110
30;06;1999;13;4;117
30;06;1999;14;4;100
30;06;1999;15;4;123
30;06;1999;16;4;79
30;06;1999;17;4;81
30;06;1999;18;4;79
30;06;1999;19;4;53
30;06;1999;20;4;55
30;06;1999;21;4;57
30;06;1999;22;4;61
01;07;1999;9;5;153
01;07;1999;10;5;169
01;07;1999;11;5;161
01;07;1999;12;5;145
01;07;1999;13;5;138
01;07;1999;14;5;163
01;07;1999;15;5;136
01;07;1999;16;5;138
01;07;1999;17;5;141
01;07;1999;18;5;90
01;07;1999;19;5;68
01;07;1999;20;5;76
01;07;1999;21;5;90
01;07;1999;22;5;58
04;07;1999;9;1;162
04;07;1999;10;1;196
04;07;1999;11;1;177
04;07;1999;12;1;163
04;07;1999;13;1;190
04;07;1999;14;1;217
04;07;1999;15;1;160
04;07;1999;16;1;210
04;07;1999;17;1;215
04;07;1999;18;1;163
04;07;1999;19;1;151
04;07;1999;20;1;160
04;07;1999;21;1;109
04;07;1999;22;1;59
05;07;1999;9;2;167
05;07;1999;10;2;162
05;07;1999;11;2;133
05;07;1999;12;2;151
05;07;1999;13;2;150
05;07;1999;14;2;161
05;07;1999;15;2;131
05;07;1999;16;2;125
05;07;1999;17;2;86
05;07;1999;18;2;277
05;07;1999;19;2;153
05;07;1999;20;2;91
05;07;1999;21;2;60
05;07;1999;22;2;50
06;07;1999;9;3;124
06;07;1999;10;3;134
06;07;1999;11;3;128
06;07;1999;12;3;115
06;07;1999;13;3;143
06;07;1999;14;3;140
06;07;1999;15;3;98
06;07;1999;16;3;157
06;07;1999;17;3;128
06;07;1999;18;3;118
06;07;1999;19;3;70
06;07;1999;20;3;64
06;07;1999;21;3;59
06;07;1999;22;3;67
07;07;1999;9;4;116
07;07;1999;10;4;118
07;07;1999;11;4;120
07;07;1999;12;4;101
07;07;1999;13;4;112
07;07;1999;14;4;155
07;07;1999;15;4;123
07;07;1999;16;4;96
07;07;1999;17;4;77
07;07;1999;18;4;91
07;07;1999;19;4;71
07;07;1999;20;4;55
07;07;1999;21;4;73
07;07;1999;22;4;44
08;07;1999;9;5;147
08;07;1999;10;5;123
08;07;1999;11;5;135
08;07;1999;12;5;138
08;07;1999;13;5;92
08;07;1999;14;5;123
08;07;1999;15;5;109
08;07;1999;16;5;111
08;07;1999;17;5;115
08;07;1999;18;5;74
08;07;1999;19;5;97
08;07;1999;20;5;46
08;07;1999;21;5;55
08;07;1999;22;5;66
11;07;1999;9;1;96
11;07;1999;10;1;148
11;07;1999;11;1;97
11;07;1999;12;1;113
11;07;1999;13;1;190
11;07;1999;14;1;157
11;07;1999;15;1;165
11;07;1999;16;1;191
11;07;1999;17;1;131
11;07;1999;18;1;118
11;07;1999;19;1;82
11;07;1999;20;1;79
11;07;1999;21;1;77
11;07;1999;22;1;50
12;07;1999;9;2;153
12;07;1999;10;2;166
12;07;1999;11;2;130
12;07;1999;12;2;130
12;07;1999;13;2;131
12;07;1999;14;2;121
12;07;1999;15;2;127
12;07;1999;16;2;107
12;07;1999;17;2;97
12;07;1999;18;2;112
12;07;1999;19;2;95
12;07;1999;20;2;77
12;07;1999;21;2;79
12;07;1999;22;2;55
13;07;1999;9;3;108
13;07;1999;10;3;159
13;07;1999;11;3;136
13;07;1999;12;3;114
13;07;1999;13;3;91
13;07;1999;14;3;142
13;07;1999;15;3;133
13;07;1999;16;3;114
13;07;1999;17;3;109
13;07;1999;18;3;105
13;07;1999;19;3;68
13;07;1999;20;3;71
13;07;1999;21;3;85
13;07;1999;22;3;81
14;07;1999;9;4;127
14;07;1999;10;4;160
14;07;1999;11;4;116
14;07;1999;12;4;119
14;07;1999;13;4;102
14;07;1999;14;4;109
14;07;1999;15;4;119
14;07;1999;16;4;102
14;07;1999;17;4;88
14;07;1999;18;4;91
14;07;1999;19;4;54
14;07;1999;20;4;45
14;07;1999;21;4;55
14;07;1999;22;4;47
15;07;1999;9;5;106
15;07;1999;10;5;113
15;07;1999;11;5;110
15;07;1999;12;5;109
15;07;1999;13;5;114
15;07;1999;14;5;99
15;07;1999;15;5;120
15;07;1999;16;5;83
15;07;1999;17;5;75
15;07;1999;18;5;45
15;07;1999;19;5;31
15;07;1999;20;5;28
15;07;1999;21;5;42
15;07;1999;22;5;41
18;07;1999;9;1;80
18;07;1999;10;1;87
18;07;1999;11;1;125
18;07;1999;12;1;96
18;07;1999;13;1;170
18;07;1999;14;1;112
18;07;1999;15;1;118
18;07;1999;16;1;138
18;07;1999;17;1;108
18;07;1999;18;1;38
18;07;1999;19;1;55
18;07;1999;20;1;52
18;07;1999;21;1;69
18;07;1999;22;1;33
19;07;1999;9;2;137
19;07;1999;10;2;119
19;07;1999;11;2;118
19;07;1999;12;2;101
19;07;1999;13;2;98
19;07;1999;14;2;127
19;07;1999;15;2;120
19;07;1999;16;2;106
19;07;1999;17;2;58
19;07;1999;18;2;100
19;07;1999;19;2;65
19;07;1999;20;2;62
19;07;1999;21;2;47
19;07;1999;22;2;48
20;07;1999;9;3;160
20;07;1999;10;3;138
20;07;1999;11;3;139
20;07;1999;12;3;90
20;07;1999;13;3;116
20;07;1999;14;3;110
20;07;1999;15;3;137
20;07;1999;16;3;131
20;07;1999;17;3;93
20;07;1999;18;3;69
20;07;1999;19;3;89
20;07;1999;20;3;51
20;07;1999;21;3;68
20;07;1999;22;3;63
21;07;1999;9;4;149
21;07;1999;10;4;164
21;07;1999;11;4;153
21;07;1999;12;4;142
21;07;1999;13;4;137
21;07;1999;14;4;134
21;07;1999;15;4;162
21;07;1999;16;4;156
21;07;1999;17;4;100
21;07;1999;18;4;89
21;07;1999;19;4;75
21;07;1999;20;4;15
21;07;1999;21;4;40
21;07;1999;22;4;28
22;07;1999;9;5;33
22;07;1999;10;5;84
22;07;1999;11;5;68
22;07;1999;12;5;44
22;07;1999;13;5;51
22;07;1999;14;5;14
22;07;1999;15;5;32
22;07;1999;16;5;32
22;07;1999;17;5;34
22;07;1999;18;5;22
22;07;1999;19;5;21
22;07;1999;20;5;36
22;07;1999;21;5;50
22;07;1999;22;5;49
25;07;1999;9;1;146
25;07;1999;10;1;141
25;07;1999;11;1;139
25;07;1999;12;1;117
25;07;1999;13;1;130
25;07;1999;14;1;137
25;07;1999;15;1;123
25;07;1999;16;1;132
25;07;1999;17;1;113
25;07;1999;18;1;74
25;07;1999;19;1;51
25;07;1999;20;1;55
25;07;1999;21;1;25
25;07;1999;22;1;42
26;07;1999;9;2;145
26;07;1999;10;2;152
26;07;1999;11;2;135
26;07;1999;12;2;108
26;07;1999;13;2;115
26;07;1999;14;2;131
26;07;1999;15;2;134
26;07;1999;16;2;101
26;07;1999;17;2;69
26;07;1999;18;2;78
26;07;1999;19;2;75
26;07;1999;20;2;61
26;07;1999;21;2;68
26;07;1999;22;2;68
27;07;1999;9;3;132
27;07;1999;10;3;169
27;07;1999;11;3;124
27;07;1999;12;3;119
27;07;1999;13;3;100
27;07;1999;14;3;122
27;07;1999;15;3;124
27;07;1999;16;3;138
27;07;1999;17;3;98
27;07;1999;18;3;105
27;07;1999;19;3;54
27;07;1999;20;3;60
27;07;1999;21;3;45
27;07;1999;22;3;48
28;07;1999;9;4;136
28;07;1999;10;4;149
28;07;1999;11;4;141
28;07;1999;12;4;126
28;07;1999;13;4;119
28;07;1999;14;4;142
28;07;1999;15;4;151
28;07;1999;16;4;102
28;07;1999;17;4;93
28;07;1999;18;4;69
28;07;1999;19;4;59
28;07;1999;20;4;45
28;07;1999;21;4;71
28;07;1999;22;4;46
29;07;1999;9;5;140
29;07;1999;10;5;169
29;07;1999;11;5;153
29;07;1999;12;5;133
29;07;1999;13;5;111
29;07;1999;14;5;141
29;07;1999;15;5;117
29;07;1999;16;5;123
29;07;1999;17;5;100
29;07;1999;18;5;69
29;07;1999;19;5;59
29;07;1999;20;5;42
29;07;1999;21;5;50
29;07;1999;22;5;51
01;08;1999;9;1;224
01;08;1999;10;1;234
01;08;1999;11;1;215
01;08;1999;12;1;176
01;08;1999;13;1;175
01;08;1999;14;1;170
01;08;1999;15;1;194
01;08;1999;16;1;174
01;08;1999;17;1;171
01;08;1999;18;1;95
01;08;1999;19;1;64
01;08;1999;20;1;81
01;08;1999;21;1;82
01;08;1999;22;1;52
02;08;1999;9;2;169
02;08;1999;10;2;212
02;08;1999;11;2;194
02;08;1999;12;2;164
02;08;1999;13;2;162
02;08;1999;14;2;168
02;08;1999;15;2;150
02;08;1999;16;2;145
02;08;1999;17;2;145
02;08;1999;18;2;132
02;08;1999;19;2;115
02;08;1999;20;2;96
02;08;1999;21;2;91
02;08;1999;22;2;122
03;08;1999;9;3;182
03;08;1999;10;3;157
03;08;1999;11;3;177
03;08;1999;12;3;172
03;08;1999;13;3;159
03;08;1999;14;3;142
03;08;1999;15;3;173
03;08;1999;16;3;168
03;08;1999;17;3;128
03;08;1999;18;3;160
03;08;1999;19;3;112
03;08;1999;20;3;86
03;08;1999;21;3;106
03;08;1999;22;3;99
04;08;1999;9;4;153
04;08;1999;10;4;160
04;08;1999;11;4;158
04;08;1999;12;4;135
04;08;1999;13;4;123
04;08;1999;14;4;168
04;08;1999;15;4;130
04;08;1999;16;4;139
04;08;1999;17;4;109
04;08;1999;18;4;122
04;08;1999;19;4;68
04;08;1999;20;4;64
04;08;1999;21;4;72
04;08;1999;22;4;57
05;08;1999;9;5;132
05;08;1999;10;5;184
05;08;1999;11;5;170
05;08;1999;12;5;148
05;08;1999;13;5;142
05;08;1999;14;5;132
05;08;1999;15;5;166
05;08;1999;16;5;124
05;08;1999;17;5;93
05;08;1999;18;5;100
05;08;1999;19;5;64
05;08;1999;20;5;77
05;08;1999;21;5;117
05;08;1999;22;5;77
08;08;1999;9;1;151
08;08;1999;10;1;182
08;08;1999;11;1;164
08;08;1999;12;1;160
08;08;1999;13;1;155
08;08;1999;14;1;161
08;08;1999;15;1;141
08;08;1999;16;1;182
08;08;1999;17;1;126
08;08;1999;18;1;101
08;08;1999;19;1;68
08;08;1999;20;1;71
08;08;1999;21;1;57
08;08;1999;22;1;45
09;08;1999;9;2;165
09;08;1999;10;2;160
09;08;1999;11;2;151
09;08;1999;12;2;129
09;08;1999;13;2;134
09;08;1999;14;2;125
09;08;1999;15;2;142
09;08;1999;16;2;106
09;08;1999;17;2;83
09;08;1999;18;2;99
09;08;1999;19;2;76
09;08;1999;20;2;221
09;08;1999;21;2;179
09;08;1999;22;2;111
10;08;1999;9;3;130
10;08;1999;10;3;196
10;08;1999;11;3;169
10;08;1999;12;3;145
10;08;1999;13;3;149
10;08;1999;14;3;162
10;08;1999;15;3;154
10;08;1999;16;3;153
10;08;1999;17;3;121
10;08;1999;18;3;135
10;08;1999;19;3;90
10;08;1999;20;3;79
10;08;1999;21;3;106
10;08;1999;22;3;92
11;08;1999;9;4;175
11;08;1999;10;4;190
11;08;1999;11;4;138
11;08;1999;12;4;142
11;08;1999;13;4;119
11;08;1999;14;4;94
11;08;1999;15;4;135
11;08;1999;16;4;120
11;08;1999;17;4;94
11;08;1999;18;4;106
11;08;1999;19;4;84
11;08;1999;20;4;81
11;08;1999;21;4;80
11;08;1999;22;4;59
12;08;1999;9;5;99
12;08;1999;10;5;106
12;08;1999;11;5;122
12;08;1999;12;5;127
12;08;1999;13;5;72
12;08;1999;14;5;136
12;08;1999;15;5;92
12;08;1999;16;5;109
12;08;1999;17;5;93
12;08;1999;18;5;80
12;08;1999;19;5;44
12;08;1999;20;5;68
12;08;1999;21;5;65
12;08;1999;22;5;94
15;08;1999;9;1;128
15;08;1999;10;1;146
15;08;1999;11;1;127
15;08;1999;12;1;112
15;08;1999;13;1;119
15;08;1999;14;1;138
15;08;1999;15;1;130
15;08;1999;16;1;147
15;08;1999;17;1;125
15;08;1999;18;1;70
15;08;1999;19;1;53
15;08;1999;20;1;63
15;08;1999;21;1;73
15;08;1999;22;1;55
16;08;1999;9;2;121
16;08;1999;10;2;150
16;08;1999;11;2;158
16;08;1999;12;2;118
16;08;1999;13;2;116
16;08;1999;14;2;110
16;08;1999;15;2;208
16;08;1999;16;2;104
16;08;1999;17;2;72
16;08;1999;18;2;89
16;08;1999;19;2;80
16;08;1999;20;2;62
16;08;1999;21;2;69
16;08;1999;22;2;73
17;08;1999;9;3;120
17;08;1999;10;3;131
17;08;1999;11;3;119
17;08;1999;12;3;76
17;08;1999;13;3;100
17;08;1999;14;3;99
17;08;1999;15;3;119
17;08;1999;16;3;111
17;08;1999;17;3;75
17;08;1999;18;3;70
17;08;1999;19;3;50
17;08;1999;20;3;59
17;08;1999;21;3;54
17;08;1999;22;3;44
18;08;1999;9;4;95
18;08;1999;10;4;121
18;08;1999;11;4;109
18;08;1999;12;4;72
18;08;1999;13;4;90
18;08;1999;14;4;79
18;08;1999;15;4;89
18;08;1999;16;4;93
18;08;1999;17;4;49
18;08;1999;18;4;54
18;08;1999;19;4;48
18;08;1999;20;4;45
18;08;1999;21;4;57
18;08;1999;22;4;67
19;08;1999;9;5;83
19;08;1999;10;5;113
19;08;1999;11;5;104
19;08;1999;12;5;85
19;08;1999;13;5;158
19;08;1999;14;5;169
19;08;1999;15;5;108
19;08;1999;16;5;107
19;08;1999;17;5;101
19;08;1999;18;5;72
19;08;1999;19;5;46
19;08;1999;20;5;44
19;08;1999;21;5;64
19;08;1999;22;5;46
22;08;1999;9;1;106
22;08;1999;10;1;124
22;08;1999;11;1;103
22;08;1999;12;1;116
22;08;1999;13;1;110
22;08;1999;14;1;104
22;08;1999;15;1;98
22;08;1999;16;1;129
22;08;1999;17;1;111
22;08;1999;18;1;62
22;08;1999;19;1;48
22;08;1999;20;1;62
22;08;1999;21;1;55
22;08;1999;22;1;189
23;08;1999;9;2;94
23;08;1999;10;2;116
23;08;1999;11;2;101
23;08;1999;12;2;84
23;08;1999;13;2;111
23;08;1999;14;2;117
23;08;1999;15;2;121
23;08;1999;16;2;121
23;08;1999;17;2;99
23;08;1999;18;2;103
23;08;1999;19;2;67
23;08;1999;20;2;60
23;08;1999;21;2;89
23;08;1999;22;2;77
24;08;1999;9;3;113
24;08;1999;10;3;129
24;08;1999;11;3;101
24;08;1999;12;3;70
24;08;1999;13;3;84
24;08;1999;14;3;111
24;08;1999;15;3;116
24;08;1999;16;3;107
24;08;1999;17;3;93
24;08;1999;18;3;68
24;08;1999;19;3;53
24;08;1999;20;3;46
24;08;1999;21;3;71
24;08;1999;22;3;76
25;08;1999;9;4;82
25;08;1999;10;4;107
25;08;1999;11;4;94
25;08;1999;12;4;89
25;08;1999;13;4;97
25;08;1999;14;4;94
25;08;1999;15;4;91
25;08;1999;16;4;76
25;08;1999;17;4;86
25;08;1999;18;4;96
25;08;1999;19;4;50
25;08;1999;20;4;46
25;08;1999;21;4;71
25;08;1999;22;4;57
26;08;1999;9;5;93
26;08;1999;10;5;132
26;08;1999;11;5;77
26;08;1999;12;5;69
26;08;1999;13;5;84
26;08;1999;14;5;103
26;08;1999;15;5;93
26;08;1999;16;5;93
26;08;1999;17;5;97
26;08;1999;18;5;72
26;08;1999;19;5;47
26;08;1999;20;5;46
26;08;1999;21;5;42
26;08;1999;22;5;41
29;08;1999;9;1;120
29;08;1999;10;1;141
29;08;1999;11;1;117
29;08;1999;12;1;105
29;08;1999;13;1;96
29;08;1999;14;1;100
29;08;1999;15;1;115
29;08;1999;16;1;120
29;08;1999;17;1;96
29;08;1999;18;1;71
29;08;1999;19;1;52
29;08;1999;20;1;41
29;08;1999;21;1;55
29;08;1999;22;1;58
30;08;1999;9;2;109
30;08;1999;10;2;111
30;08;1999;11;2;100
30;08;1999;12;2;86
30;08;1999;13;2;85
30;08;1999;14;2;105
30;08;1999;15;2;98
30;08;1999;16;2;78
30;08;1999;17;2;74
30;08;1999;18;2;86
30;08;1999;19;2;74
30;08;1999;20;2;62
30;08;1999;21;2;61
30;08;1999;22;2;76
31;08;1999;9;3;103
31;08;1999;10;3;137
31;08;1999;11;3;95
31;08;1999;12;3;84
31;08;1999;13;3;80
31;08;1999;14;3;92
31;08;1999;15;3;108
31;08;1999;16;3;93
31;08;1999;17;3;100
31;08;1999;18;3;74
31;08;1999;19;3;56
31;08;1999;20;3;51
31;08;1999;21;3;79
31;08;1999;22;3;67
01;09;1999;9;4;138
01;09;1999;10;4;120
01;09;1999;11;4;111
01;09;1999;12;4;110
01;09;1999;13;4;96
01;09;1999;14;4;115
01;09;1999;15;4;123
01;09;1999;16;4;89
01;09;1999;17;4;81
01;09;1999;18;4;72
01;09;1999;19;4;54
01;09;1999;20;4;88
01;09;1999;21;4;69
01;09;1999;22;4;73
02;09;1999;9;5;118
02;09;1999;10;5;179
02;09;1999;11;5;166
02;09;1999;12;5;136
02;09;1999;13;5;124
02;09;1999;14;5;126
02;09;1999;15;5;113
02;09;1999;16;5;135
02;09;1999;17;5;108
02;09;1999;18;5;115
02;09;1999;19;5;88
02;09;1999;20;5;68
02;09;1999;21;5;48
02;09;1999;22;5;40
05;09;1999;9;1;150
05;09;1999;10;1;182
05;09;1999;11;1;143
05;09;1999;12;1;137
05;09;1999;13;1;139
05;09;1999;14;1;135
05;09;1999;15;1;166
05;09;1999;16;1;158
05;09;1999;17;1;106
05;09;1999;18;1;67
05;09;1999;19;1;58
05;09;1999;20;1;48
05;09;1999;21;1;81
05;09;1999;22;1;44
06;09;1999;9;2;163
06;09;1999;10;2;157
06;09;1999;11;2;132
06;09;1999;12;2;105
06;09;1999;13;2;99
06;09;1999;14;2;119
06;09;1999;15;2;106
06;09;1999;16;2;94
06;09;1999;17;2;65
06;09;1999;18;2;59
06;09;1999;19;2;57
06;09;1999;20;2;53
06;09;1999;21;2;61
06;09;1999;22;2;42
07;09;1999;9;3;120
07;09;1999;10;3;123
07;09;1999;11;3;124
07;09;1999;12;3;96
07;09;1999;13;3;96
07;09;1999;14;3;118
07;09;1999;15;3;115
07;09;1999;16;3;110
07;09;1999;17;3;106
07;09;1999;18;3;63
07;09;1999;19;3;58
07;09;1999;20;3;65
07;09;1999;21;3;61
07;09;1999;22;3;61
08;09;1999;9;4;121
08;09;1999;10;4;123
08;09;1999;11;4;92
08;09;1999;12;4;101
08;09;1999;13;4;117
08;09;1999;14;4;100
08;09;1999;15;4;141
08;09;1999;16;4;103
08;09;1999;17;4;84
08;09;1999;18;4;68
08;09;1999;19;4;77
08;09;1999;20;4;55
08;09;1999;21;4;78
08;09;1999;22;4;56
09;09;1999;9;5;100
09;09;1999;10;5;117
09;09;1999;11;5;100
09;09;1999;12;5;90
09;09;1999;13;5;85
09;09;1999;14;5;105
09;09;1999;15;5;119
09;09;1999;16;5;109
09;09;1999;17;5;88
09;09;1999;18;5;65
09;09;1999;19;5;64
09;09;1999;20;5;60
09;09;1999;21;5;58
09;09;1999;22;5;49
12;09;1999;9;1;1
12;09;1999;10;1;2
12;09;1999;11;1;4
12;09;1999;12;1;3
12;09;1999;13;1;
12;09;1999;14;1;2
12;09;1999;15;1;
12;09;1999;16;1;2
12;09;1999;17;1;
12;09;1999;18;1;7
12;09;1999;19;1;30
12;09;1999;20;1;57
12;09;1999;21;1;38
12;09;1999;22;1;32
13;09;1999;9;2;134
13;09;1999;10;2;149
13;09;1999;11;2;157
13;09;1999;12;2;119
13;09;1999;13;2;138
13;09;1999;14;2;174
13;09;1999;15;2;134
13;09;1999;16;2;134
13;09;1999;17;2;81
13;09;1999;18;2;101
13;09;1999;19;2;102
13;09;1999;20;2;92
13;09;1999;21;2;70
13;09;1999;22;2;65
14;09;1999;9;3;131
14;09;1999;10;3;166
14;09;1999;11;3;136
14;09;1999;12;3;129
14;09;1999;13;3;119
14;09;1999;14;3;140
14;09;1999;15;3;122
14;09;1999;16;3;113
14;09;1999;17;3;88
14;09;1999;18;3;79
14;09;1999;19;3;71
14;09;1999;20;3;57
14;09;1999;21;3;70
14;09;1999;22;3;50
15;09;1999;9;4;131
15;09;1999;10;4;144
15;09;1999;11;4;118
15;09;1999;12;4;111
15;09;1999;13;4;102
15;09;1999;14;4;124
15;09;1999;15;4;150
15;09;1999;16;4;104
15;09;1999;17;4;75
15;09;1999;18;4;89
15;09;1999;19;4;63
15;09;1999;20;4;70
15;09;1999;21;4;72
15;09;1999;22;4;54
16;09;1999;9;5;120
16;09;1999;10;5;153
16;09;1999;11;5;124
16;09;1999;12;5;119
16;09;1999;13;5;133
16;09;1999;14;5;151
16;09;1999;15;5;138
16;09;1999;16;5;118
16;09;1999;17;5;76
16;09;1999;18;5;62
16;09;1999;19;5;71
16;09;1999;20;5;44
16;09;1999;21;5;45
16;09;1999;22;5;63
19;09;1999;9;1;80
19;09;1999;10;1;49
19;09;1999;11;1;30
19;09;1999;12;1;4
19;09;1999;13;1;2
19;09;1999;14;1;7
19;09;1999;15;1;3
19;09;1999;16;1;1
19;09;1999;17;1;1
19;09;1999;18;1;
19;09;1999;19;1;
19;09;1999;20;1;
19;09;1999;21;1;
19;09;1999;22;1;
20;09;1999;9;2;
20;09;1999;10;2;
20;09;1999;11;2;
20;09;1999;12;2;
20;09;1999;13;2;
20;09;1999;14;2;
20;09;1999;15;2;
20;09;1999;16;2;
20;09;1999;17;2;3
20;09;1999;18;2;
20;09;1999;19;2;10
20;09;1999;20;2;17
20;09;1999;21;2;54
20;09;1999;22;2;51
21;09;1999;9;3;136
21;09;1999;10;3;183
21;09;1999;11;3;149
21;09;1999;12;3;104
21;09;1999;13;3;135
21;09;1999;14;3;110
21;09;1999;15;3;129
21;09;1999;16;3;115
21;09;1999;17;3;87
21;09;1999;18;3;73
21;09;1999;19;3;64
21;09;1999;20;3;63
21;09;1999;21;3;73
21;09;1999;22;3;57
22;09;1999;9;4;145
22;09;1999;10;4;169
22;09;1999;11;4;170
22;09;1999;12;4;103
22;09;1999;13;4;103
22;09;1999;14;4;111
22;09;1999;15;4;127
22;09;1999;16;4;99
22;09;1999;17;4;64
22;09;1999;18;4;69
22;09;1999;19;4;64
22;09;1999;20;4;51
22;09;1999;21;4;59
22;09;1999;22;4;53
23;09;1999;9;5;134
23;09;1999;10;5;182
23;09;1999;11;5;128
23;09;1999;12;5;96
23;09;1999;13;5;111
23;09;1999;14;5;96
23;09;1999;15;5;87
23;09;1999;16;5;76
23;09;1999;17;5;61
23;09;1999;18;5;58
23;09;1999;19;5;56
23;09;1999;20;5;41
23;09;1999;21;5;27
23;09;1999;22;5;43
26;09;1999;9;1;107
26;09;1999;10;1;109
26;09;1999;11;1;116
26;09;1999;12;1;68
26;09;1999;13;1;82
26;09;1999;14;1;72
26;09;1999;15;1;57
26;09;1999;16;1;46
26;09;1999;17;1;39
26;09;1999;18;1;42
26;09;1999;19;1;36
26;09;1999;20;1;26
26;09;1999;21;1;26
26;09;1999;22;1;22
27;09;1999;9;2;90
27;09;1999;10;2;113
27;09;1999;11;2;108
27;09;1999;12;2;94
27;09;1999;13;2;86
27;09;1999;14;2;93
27;09;1999;15;2;44
27;09;1999;16;2;52
27;09;1999;17;2;49
27;09;1999;18;2;43
27;09;1999;19;2;36
27;09;1999;20;2;33
27;09;1999;21;2;34
27;09;1999;22;2;28
28;09;1999;9;3;93
28;09;1999;10;3;122
28;09;1999;11;3;113
28;09;1999;12;3;109
28;09;1999;13;3;97
28;09;1999;14;3;85
28;09;1999;15;3;39
28;09;1999;16;3;59
28;09;1999;17;3;63
28;09;1999;18;3;45
28;09;1999;19;3;27
28;09;1999;20;3;35
28;09;1999;21;3;50
28;09;1999;22;3;35
29;09;1999;9;4;102
29;09;1999;10;4;121
29;09;1999;11;4;109
29;09;1999;12;4;121
29;09;1999;13;4;101
29;09;1999;14;4;86
29;09;1999;15;4;40
29;09;1999;16;4;50
29;09;1999;17;4;55
29;09;1999;18;4;47
29;09;1999;19;4;50
29;09;1999;20;4;39
29;09;1999;21;4;37
29;09;1999;22;4;31
30;09;1999;9;5;113
30;09;1999;10;5;97
30;09;1999;11;5;162
30;09;1999;12;5;94
30;09;1999;13;5;81
30;09;1999;14;5;94
30;09;1999;15;5;42
30;09;1999;16;5;64
30;09;1999;17;5;36
30;09;1999;18;5;36
30;09;1999;19;5;26
30;09;1999;20;5;36
30;09;1999;21;5;29
30;09;1999;22;5;22
03;10;1999;9;1;146
03;10;1999;10;1;155
03;10;1999;11;1;160
03;10;1999;12;1;141
03;10;1999;13;1;139
03;10;1999;14;1;121
03;10;1999;15;1;134
03;10;1999;16;1;119
03;10;1999;17;1;82
03;10;1999;18;1;72
03;10;1999;19;1;74
03;10;1999;20;1;58
03;10;1999;21;1;74
03;10;1999;22;1;70
04;10;1999;9;2;139
04;10;1999;10;2;155
04;10;1999;11;2;125
04;10;1999;12;2;157
04;10;1999;13;2;136
04;10;1999;14;2;120
04;10;1999;15;2;133
04;10;1999;16;2;106
04;10;1999;17;2;104
04;10;1999;18;2;91
04;10;1999;19;2;92
04;10;1999;20;2;77
04;10;1999;21;2;90
04;10;1999;22;2;54
05;10;1999;9;3;145
05;10;1999;10;3;174
05;10;1999;11;3;119
05;10;1999;12;3;142
05;10;1999;13;3;109
05;10;1999;14;3;91
05;10;1999;15;3;130
05;10;1999;16;3;91
05;10;1999;17;3;89
05;10;1999;18;3;69
05;10;1999;19;3;85
05;10;1999;20;3;55
05;10;1999;21;3;63
05;10;1999;22;3;66
06;10;1999;9;4;110
06;10;1999;10;4;142
06;10;1999;11;4;115
06;10;1999;12;4;117
06;10;1999;13;4;115
06;10;1999;14;4;114
06;10;1999;15;4;96
06;10;1999;16;4;79
06;10;1999;17;4;68
06;10;1999;18;4;63
06;10;1999;19;4;49
06;10;1999;20;4;60
06;10;1999;21;4;65
06;10;1999;22;4;15
07;10;1999;9;5;146
07;10;1999;10;5;157
07;10;1999;11;5;121
07;10;1999;12;5;106
07;10;1999;13;5;87
07;10;1999;14;5;104
07;10;1999;15;5;119
07;10;1999;16;5;126
07;10;1999;17;5;78
07;10;1999;18;5;64
07;10;1999;19;5;73
07;10;1999;20;5;110
07;10;1999;21;5;61
07;10;1999;22;5;61
10;10;1999;9;1;165
10;10;1999;10;1;163
10;10;1999;11;1;146
10;10;1999;12;1;125
10;10;1999;13;1;133
10;10;1999;14;1;110
10;10;1999;15;1;120
10;10;1999;16;1;125
10;10;1999;17;1;93
10;10;1999;18;1;93
10;10;1999;19;1;70
10;10;1999;20;1;65
10;10;1999;21;1;74
10;10;1999;22;1;59
11;10;1999;9;2;126
11;10;1999;10;2;142
11;10;1999;11;2;132
11;10;1999;12;2;85
11;10;1999;13;2;107
11;10;1999;14;2;114
11;10;1999;15;2;105
11;10;1999;16;2;77
11;10;1999;17;2;72
11;10;1999;18;2;74
11;10;1999;19;2;83
11;10;1999;20;2;63
11;10;1999;21;2;92
11;10;1999;22;2;88
12;10;1999;9;3;132
12;10;1999;10;3;127
12;10;1999;11;3;109
12;10;1999;12;3;100
12;10;1999;13;3;92
12;10;1999;14;3;116
12;10;1999;15;3;90
12;10;1999;16;3;101
12;10;1999;17;3;73
12;10;1999;18;3;96
12;10;1999;19;3;73
12;10;1999;20;3;60
12;10;1999;21;3;60
12;10;1999;22;3;63
13;10;1999;9;4;129
13;10;1999;10;4;136
13;10;1999;11;4;98
13;10;1999;12;4;104
13;10;1999;13;4;119
13;10;1999;14;4;99
13;10;1999;15;4;106
13;10;1999;16;4;84
13;10;1999;17;4;68
13;10;1999;18;4;65
13;10;1999;19;4;69
13;10;1999;20;4;85
13;10;1999;21;4;62
13;10;1999;22;4;61
14;10;1999;9;5;98
14;10;1999;10;5;131
14;10;1999;11;5;93
14;10;1999;12;5;84
14;10;1999;13;5;112
14;10;1999;14;5;77
14;10;1999;15;5;86
14;10;1999;16;5;90
14;10;1999;17;5;70
14;10;1999;18;5;68
14;10;1999;19;5;75
14;10;1999;20;5;46
14;10;1999;21;5;48
14;10;1999;22;5;50
17;10;1999;9;1;163
17;10;1999;10;1;181
17;10;1999;11;1;131
17;10;1999;12;1;95
17;10;1999;13;1;107
17;10;1999;14;1;143
17;10;1999;15;1;117
17;10;1999;16;1;106
17;10;1999;17;1;82
17;10;1999;18;1;64
17;10;1999;19;1;47
17;10;1999;20;1;53
17;10;1999;21;1;41
17;10;1999;22;1;54
18;10;1999;9;2;142
18;10;1999;10;2;133
18;10;1999;11;2;96
18;10;1999;12;2;109
18;10;1999;13;2;103
18;10;1999;14;2;111
18;10;1999;15;2;134
18;10;1999;16;2;78
18;10;1999;17;2;66
18;10;1999;18;2;70
18;10;1999;19;2;79
18;10;1999;20;2;80
18;10;1999;21;2;76
18;10;1999;22;2;76
19;10;1999;9;3;98
19;10;1999;10;3;126
19;10;1999;11;3;51
19;10;1999;12;3;106
19;10;1999;13;3;85
19;10;1999;14;3;69
19;10;1999;15;3;106
19;10;1999;16;3;90
19;10;1999;17;3;54
19;10;1999;18;3;91
19;10;1999;19;3;57
19;10;1999;20;3;37
19;10;1999;21;3;70
19;10;1999;22;3;75
20;10;1999;9;4;75
20;10;1999;10;4;115
20;10;1999;11;4;92
20;10;1999;12;4;63
20;10;1999;13;4;89
20;10;1999;14;4;88
20;10;1999;15;4;105
20;10;1999;16;4;88
20;10;1999;17;4;67
20;10;1999;18;4;77
20;10;1999;19;4;56
20;10;1999;20;4;60
20;10;1999;21;4;63
20;10;1999;22;4;54
21;10;1999;9;5;134
21;10;1999;10;5;125
21;10;1999;11;5;105
21;10;1999;12;5;89
21;10;1999;13;5;107
21;10;1999;14;5;107
21;10;1999;15;5;105
21;10;1999;16;5;88
21;10;1999;17;5;64
21;10;1999;18;5;72
21;10;1999;19;5;55
21;10;1999;20;5;58
21;10;1999;21;5;59
21;10;1999;22;5;44
24;10;1999;9;1;98
24;10;1999;10;1;127
24;10;1999;11;1;103
24;10;1999;12;1;85
24;10;1999;13;1;86
24;10;1999;14;1;86
24;10;1999;15;1;103
24;10;1999;16;1;81
24;10;1999;17;1;73
24;10;1999;18;1;52
24;10;1999;19;1;49
24;10;1999;20;1;37
24;10;1999;21;1;40
24;10;1999;22;1;16
25;10;1999;9;2;110
25;10;1999;10;2;114
25;10;1999;11;2;95
25;10;1999;12;2;90
25;10;1999;13;2;97
25;10;1999;14;2;111
25;10;1999;15;2;86
25;10;1999;16;2;75
25;10;1999;17;2;66
25;10;1999;18;2;78
25;10;1999;19;2;55
25;10;1999;20;2;58
25;10;1999;21;2;70
25;10;1999;22;2;48
26;10;1999;9;3;119
26;10;1999;10;3;114
26;10;1999;11;3;112
26;10;1999;12;3;71
26;10;1999;13;3;98
26;10;1999;14;3;110
26;10;1999;15;3;107
26;10;1999;16;3;106
26;10;1999;17;3;73
26;10;1999;18;3;50
26;10;1999;19;3;67
26;10;1999;20;3;59
26;10;1999;21;3;52
26;10;1999;22;3;72
27;10;1999;9;4;111
27;10;1999;10;4;101
27;10;1999;11;4;96
27;10;1999;12;4;87
27;10;1999;13;4;87
27;10;1999;14;4;83
27;10;1999;15;4;95
27;10;1999;16;4;60
27;10;1999;17;4;55
27;10;1999;18;4;64
27;10;1999;19;4;63
27;10;1999;20;4;52
27;10;1999;21;4;44
27;10;1999;22;4;44
28;10;1999;9;5;90
28;10;1999;10;5;103
28;10;1999;11;5;86
28;10;1999;12;5;102
28;10;1999;13;5;78
28;10;1999;14;5;91
28;10;1999;15;5;105
28;10;1999;16;5;111
28;10;1999;17;5;74
28;10;1999;18;5;59
28;10;1999;19;5;52
28;10;1999;20;5;49
28;10;1999;21;5;49
28;10;1999;22;5;54
31;10;1999;9;1;177
31;10;1999;10;1;174
31;10;1999;11;1;151
31;10;1999;12;1;134
31;10;1999;13;1;139
31;10;1999;14;1;135
31;10;1999;15;1;118
31;10;1999;16;1;119
31;10;1999;17;1;89
31;10;1999;18;1;72
31;10;1999;19;1;62
31;10;1999;20;1;47
31;10;1999;21;1;52
31;10;1999;22;1;43
01;11;1999;9;2;197
01;11;1999;10;2;198
01;11;1999;11;2;141
01;11;1999;12;2;116
01;11;1999;13;2;137
01;11;1999;14;2;148
01;11;1999;15;2;165
01;11;1999;16;2;147
01;11;1999;17;2;78
01;11;1999;18;2;107
01;11;1999;19;2;93
01;11;1999;20;2;76
01;11;1999;21;2;76
01;11;1999;22;2;70
02;11;1999;9;3;192
02;11;1999;10;3;206
02;11;1999;11;3;155
02;11;1999;12;3;159
02;11;1999;13;3;156
02;11;1999;14;3;158
02;11;1999;15;3;174
02;11;1999;16;3;127
02;11;1999;17;3;108
02;11;1999;18;3;129
02;11;1999;19;3;97
02;11;1999;20;3;84
02;11;1999;21;3;82
02;11;1999;22;3;95
03;11;1999;9;4;148
03;11;1999;10;4;152
03;11;1999;11;4;144
03;11;1999;12;4;116
03;11;1999;13;4;103
03;11;1999;14;4;130
03;11;1999;15;4;131
03;11;1999;16;4;102
03;11;1999;17;4;77
03;11;1999;18;4;102
03;11;1999;19;4;90
03;11;1999;20;4;49
03;11;1999;21;4;75
03;11;1999;22;4;85
04;11;1999;9;5;133
04;11;1999;10;5;144
04;11;1999;11;5;102
04;11;1999;12;5;118
04;11;1999;13;5;117
04;11;1999;14;5;130
04;11;1999;15;5;100
04;11;1999;16;5;90
04;11;1999;17;5;79
04;11;1999;18;5;80
04;11;1999;19;5;53
04;11;1999;20;5;64
04;11;1999;21;5;60
04;11;1999;22;5;54
07;11;1999;9;1;135
07;11;1999;10;1;135
07;11;1999;11;1;120
07;11;1999;12;1;103
07;11;1999;13;1;120
07;11;1999;14;1;106
07;11;1999;15;1;115
07;11;1999;16;1;106
07;11;1999;17;1;70
07;11;1999;18;1;59
07;11;1999;19;1;61
07;11;1999;20;1;43
07;11;1999;21;1;40
07;11;1999;22;1;41
08;11;1999;9;2;143
08;11;1999;10;2;145
08;11;1999;11;2;93
08;11;1999;12;2;84
08;11;1999;13;2;102
08;11;1999;14;2;123
08;11;1999;15;2;130
08;11;1999;16;2;98
08;11;1999;17;2;82
08;11;1999;18;2;70
08;11;1999;19;2;75
08;11;1999;20;2;84
08;11;1999;21;2;70
08;11;1999;22;2;81
09;11;1999;9;3;140
09;11;1999;10;3;150
09;11;1999;11;3;123
09;11;1999;12;3;134
09;11;1999;13;3;144
09;11;1999;14;3;162
09;11;1999;15;3;146
09;11;1999;16;3;143
09;11;1999;17;3;104
09;11;1999;18;3;101
09;11;1999;19;3;87
09;11;1999;20;3;76
09;11;1999;21;3;68
09;11;1999;22;3;86
10;11;1999;9;4;163
10;11;1999;10;4;156
10;11;1999;11;4;164
10;11;1999;12;4;104
10;11;1999;13;4;133
10;11;1999;14;4;159
10;11;1999;15;4;155
10;11;1999;16;4;131
10;11;1999;17;4;113
10;11;1999;18;4;121
10;11;1999;19;4;92
10;11;1999;20;4;69
10;11;1999;21;4;78
10;11;1999;22;4;63
11;11;1999;9;5;158
11;11;1999;10;5;175
11;11;1999;11;5;141
11;11;1999;12;5;136
11;11;1999;13;5;123
11;11;1999;14;5;148
11;11;1999;15;5;172
11;11;1999;16;5;153
11;11;1999;17;5;108
11;11;1999;18;5;97
11;11;1999;19;5;70
11;11;1999;20;5;61
11;11;1999;21;5;55
11;11;1999;22;5;62
14;11;1999;9;1;159
14;11;1999;10;1;186
14;11;1999;11;1;144
14;11;1999;12;1;119
14;11;1999;13;1;124
14;11;1999;14;1;132
14;11;1999;15;1;151
14;11;1999;16;1;148
14;11;1999;17;1;102
14;11;1999;18;1;77
14;11;1999;19;1;104
14;11;1999;20;1;70
14;11;1999;21;1;62
14;11;1999;22;1;72
15;11;1999;9;2;180
15;11;1999;10;2;166
15;11;1999;11;2;150
15;11;1999;12;2;149
15;11;1999;13;2;159
15;11;1999;14;2;159
15;11;1999;15;2;192
15;11;1999;16;2;115
15;11;1999;17;2;110
15;11;1999;18;2;106
15;11;1999;19;2;91
15;11;1999;20;2;88
15;11;1999;21;2;82
15;11;1999;22;2;70
16;11;1999;9;3;183
16;11;1999;10;3;177
16;11;1999;11;3;137
16;11;1999;12;3;111
16;11;1999;13;3;145
16;11;1999;14;3;173
16;11;1999;15;3;132
16;11;1999;16;3;122
16;11;1999;17;3;88
16;11;1999;18;3;107
16;11;1999;19;3;69
16;11;1999;20;3;73
16;11;1999;21;3;89
16;11;1999;22;3;77
17;11;1999;9;4;161
17;11;1999;10;4;192
17;11;1999;11;4;138
17;11;1999;12;4;140
17;11;1999;13;4;117
17;11;1999;14;4;121
17;11;1999;15;4;162
17;11;1999;16;4;103
17;11;1999;17;4;77
17;11;1999;18;4;82
17;11;1999;19;4;70
17;11;1999;20;4;57
17;11;1999;21;4;66
17;11;1999;22;4;66
18;11;1999;9;5;118
18;11;1999;10;5;136
18;11;1999;11;5;108
18;11;1999;12;5;92
18;11;1999;13;5;120
18;11;1999;14;5;113
18;11;1999;15;5;136
18;11;1999;16;5;121
18;11;1999;17;5;79
18;11;1999;18;5;60
18;11;1999;19;5;69
18;11;1999;20;5;151
18;11;1999;21;5;225
18;11;1999;22;5;83
21;11;1999;9;1;160
21;11;1999;10;1;161
21;11;1999;11;1;150
21;11;1999;12;1;95
21;11;1999;13;1;120
21;11;1999;14;1;127
21;11;1999;15;1;134
21;11;1999;16;1;115
21;11;1999;17;1;86
21;11;1999;18;1;62
21;11;1999;19;1;53
21;11;1999;20;1;41
21;11;1999;21;1;58
21;11;1999;22;1;40
22;11;1999;9;2;163
22;11;1999;10;2;183
22;11;1999;11;2;160
22;11;1999;12;2;124
22;11;1999;13;2;121
22;11;1999;14;2;136
22;11;1999;15;2;138
22;11;1999;16;2;86
22;11;1999;17;2;99
22;11;1999;18;2;79
22;11;1999;19;2;107
22;11;1999;20;2;69
22;11;1999;21;2;74
22;11;1999;22;2;76
23;11;1999;9;3;171
23;11;1999;10;3;184
23;11;1999;11;3;136
23;11;1999;12;3;126
23;11;1999;13;3;122
23;11;1999;14;3;136
23;11;1999;15;3;134
23;11;1999;16;3;105
23;11;1999;17;3;88
23;11;1999;18;3;86
23;11;1999;19;3;81
23;11;1999;20;3;65
23;11;1999;21;3;68
23;11;1999;22;3;81
24;11;1999;9;4;146
24;11;1999;10;4;135
24;11;1999;11;4;138
24;11;1999;12;4;144
24;11;1999;13;4;130
24;11;1999;14;4;137
24;11;1999;15;4;136
24;11;1999;16;4;111
24;11;1999;17;4;92
24;11;1999;18;4;80
24;11;1999;19;4;70
24;11;1999;20;4;49
24;11;1999;21;4;67
24;11;1999;22;4;61
25;11;1999;9;5;139
25;11;1999;10;5;145
25;11;1999;11;5;133
25;11;1999;12;5;105
25;11;1999;13;5;103
25;11;1999;14;5;119
25;11;1999;15;5;115
25;11;1999;16;5;77
25;11;1999;17;5;64
25;11;1999;18;5;58
25;11;1999;19;5;56
25;11;1999;20;5;30
25;11;1999;21;5;47
25;11;1999;22;5;68
28;11;1999;9;1;161
28;11;1999;10;1;150
28;11;1999;11;1;124
28;11;1999;12;1;132
28;11;1999;13;1;116
28;11;1999;14;1;128
28;11;1999;15;1;121
28;11;1999;16;1;100
28;11;1999;17;1;66
28;11;1999;18;1;53
28;11;1999;19;1;59
28;11;1999;20;1;54
28;11;1999;21;1;49
28;11;1999;22;1;48
29;11;1999;9;2;107
29;11;1999;10;2;147
29;11;1999;11;2;102
29;11;1999;12;2;86
29;11;1999;13;2;103
29;11;1999;14;2;112
29;11;1999;15;2;99
29;11;1999;16;2;81
29;11;1999;17;2;52
29;11;1999;18;2;66
29;11;1999;19;2;71
29;11;1999;20;2;68
29;11;1999;21;2;61
29;11;1999;22;2;63
30;11;1999;9;3;134
30;11;1999;10;3;135
30;11;1999;11;3;137
30;11;1999;12;3;99
30;11;1999;13;3;111
30;11;1999;14;3;139
30;11;1999;15;3;170
30;11;1999;16;3;95
30;11;1999;17;3;105
30;11;1999;18;3;92
30;11;1999;19;3;86
30;11;1999;20;3;80
30;11;1999;21;3;74
30;11;1999;22;3;66
01;12;1999;9;4;173
01;12;1999;10;4;173
01;12;1999;11;4;148
01;12;1999;12;4;147
01;12;1999;13;4;142
01;12;1999;14;4;141
01;12;1999;15;4;132
01;12;1999;16;4;115
01;12;1999;17;4;92
01;12;1999;18;4;127
01;12;1999;19;4;110
01;12;1999;20;4;76
01;12;1999;21;4;79
01;12;1999;22;4;68
02;12;1999;9;5;161
02;12;1999;10;5;163
02;12;1999;11;5;163
02;12;1999;12;5;99
02;12;1999;13;5;155
02;12;1999;14;5;162
02;12;1999;15;5;138
02;12;1999;16;5;118
02;12;1999;17;5;94
02;12;1999;18;5;84
02;12;1999;19;5;87
02;12;1999;20;5;63
02;12;1999;21;5;59
02;12;1999;22;5;61
05;12;1999;9;1;149
05;12;1999;10;1;166
05;12;1999;11;1;155
05;12;1999;12;1;134
05;12;1999;13;1;130
05;12;1999;14;1;116
05;12;1999;15;1;117
05;12;1999;16;1;92
05;12;1999;17;1;75
05;12;1999;18;1;68
05;12;1999;19;1;50
05;12;1999;20;1;52
05;12;1999;21;1;35
05;12;1999;22;1;48
06;12;1999;9;2;147
06;12;1999;10;2;134
06;12;1999;11;2;142
06;12;1999;12;2;121
06;12;1999;13;2;118
06;12;1999;14;2;107
06;12;1999;15;2;122
06;12;1999;16;2;90
06;12;1999;17;2;84
06;12;1999;18;2;74
06;12;1999;19;2;63
06;12;1999;20;2;54
06;12;1999;21;2;76
06;12;1999;22;2;41
07;12;1999;9;3;141
07;12;1999;10;3;140
07;12;1999;11;3;120
07;12;1999;12;3;112
07;12;1999;13;3;114
07;12;1999;14;3;101
07;12;1999;15;3;103
07;12;1999;16;3;124
07;12;1999;17;3;115
07;12;1999;18;3;97
07;12;1999;19;3;70
07;12;1999;20;3;64
07;12;1999;21;3;47
07;12;1999;22;3;62
08;12;1999;9;4;104
08;12;1999;10;4;142
08;12;1999;11;4;150
08;12;1999;12;4;109
08;12;1999;13;4;113
08;12;1999;14;4;119
08;12;1999;15;4;120
08;12;1999;16;4;80
08;12;1999;17;4;82
08;12;1999;18;4;84
08;12;1999;19;4;68
08;12;1999;20;4;56
08;12;1999;21;4;56
08;12;1999;22;4;75
09;12;1999;9;5;121
09;12;1999;10;5;169
09;12;1999;11;5;139
09;12;1999;12;5;131
09;12;1999;13;5;116
09;12;1999;14;5;148
09;12;1999;15;5;162
09;12;1999;16;5;136
09;12;1999;17;5;111
09;12;1999;18;5;95
09;12;1999;19;5;90
09;12;1999;20;5;71
09;12;1999;21;5;68
09;12;1999;22;5;57
12;12;1999;9;1;173
12;12;1999;10;1;219
12;12;1999;11;1;190
12;12;1999;12;1;182
12;12;1999;13;1;174
12;12;1999;14;1;175
12;12;1999;15;1;177
12;12;1999;16;1;143
12;12;1999;17;1;115
12;12;1999;18;1;109
12;12;1999;19;1;92
12;12;1999;20;1;89
12;12;1999;21;1;66
12;12;1999;22;1;72
13;12;1999;9;2;142
13;12;1999;10;2;193
13;12;1999;11;2;152
13;12;1999;12;2;132
13;12;1999;13;2;105
13;12;1999;14;2;161
13;12;1999;15;2;122
13;12;1999;16;2;102
13;12;1999;17;2;106
13;12;1999;18;2;98
13;12;1999;19;2;89
13;12;1999;20;2;85
13;12;1999;21;2;84
13;12;1999;22;2;90
14;12;1999;9;3;159
14;12;1999;10;3;184
14;12;1999;11;3;166
14;12;1999;12;3;144
14;12;1999;13;3;153
14;12;1999;14;3;161
14;12;1999;15;3;141
14;12;1999;16;3;132
14;12;1999;17;3;134
14;12;1999;18;3;121
14;12;1999;19;3;98
14;12;1999;20;3;82
14;12;1999;21;3;84
14;12;1999;22;3;82
15;12;1999;9;4;167
15;12;1999;10;4;164
15;12;1999;11;4;129
15;12;1999;12;4;128
15;12;1999;13;4;156
15;12;1999;14;4;139
15;12;1999;15;4;144
15;12;1999;16;4;95
15;12;1999;17;4;75
15;12;1999;18;4;104
15;12;1999;19;4;114
15;12;1999;20;4;96
15;12;1999;21;4;95
15;12;1999;22;4;71
16;12;1999;9;5;158
16;12;1999;10;5;194
16;12;1999;11;5;152
16;12;1999;12;5;124
16;12;1999;13;5;134
16;12;1999;14;5;147
16;12;1999;15;5;173
16;12;1999;16;5;148
16;12;1999;17;5;100
16;12;1999;18;5;83
16;12;1999;19;5;70
16;12;1999;20;5;68
16;12;1999;21;5;47
16;12;1999;22;5;52
19;12;1999;9;1;128
19;12;1999;10;1;137
19;12;1999;11;1;116
19;12;1999;12;1;113
19;12;1999;13;1;152
19;12;1999;14;1;151
19;12;1999;15;1;125
19;12;1999;16;1;116
19;12;1999;17;1;84
19;12;1999;18;1;79
19;12;1999;19;1;67
19;12;1999;20;1;63
19;12;1999;21;1;57
19;12;1999;22;1;45
20;12;1999;9;2;153
20;12;1999;10;2;171
20;12;1999;11;2;135
20;12;1999;12;2;123
20;12;1999;13;2;126
20;12;1999;14;2;119
20;12;1999;15;2;133
20;12;1999;16;2;92
20;12;1999;17;2;75
20;12;1999;18;2;80
20;12;1999;19;2;72
20;12;1999;20;2;60
20;12;1999;21;2;72
20;12;1999;22;2;74
21;12;1999;9;3;134
21;12;1999;10;3;168
21;12;1999;11;3;152
21;12;1999;12;3;112
21;12;1999;13;3;121
21;12;1999;14;3;137
21;12;1999;15;3;157
21;12;1999;16;3;112
21;12;1999;17;3;88
21;12;1999;18;3;107
21;12;1999;19;3;66
21;12;1999;20;3;46
21;12;1999;21;3;79
21;12;1999;22;3;64
22;12;1999;9;4;152
22;12;1999;10;4;152
22;12;1999;11;4;137
22;12;1999;12;4;136
22;12;1999;13;4;133
22;12;1999;14;4;146
22;12;1999;15;4;118
22;12;1999;16;4;79
22;12;1999;17;4;62
22;12;1999;18;4;81
22;12;1999;19;4;58
22;12;1999;20;4;61
22;12;1999;21;4;70
22;12;1999;22;4;56
23;12;1999;9;5;129
23;12;1999;10;5;202
23;12;1999;11;5;136
23;12;1999;12;5;109
23;12;1999;13;5;115
23;12;1999;14;5;140
23;12;1999;15;5;141
23;12;1999;16;5;103
23;12;1999;17;5;83
23;12;1999;18;5;65
23;12;1999;19;5;59
23;12;1999;20;5;53
23;12;1999;21;5;60
23;12;1999;22;5;70
26;12;1999;9;1;169
26;12;1999;10;1;189
26;12;1999;11;1;147
26;12;1999;12;1;111
26;12;1999;13;1;110
26;12;1999;14;1;144
26;12;1999;15;1;143
26;12;1999;16;1;152
26;12;1999;17;1;93
26;12;1999;18;1;63
26;12;1999;19;1;62
26;12;1999;20;1;43
26;12;1999;21;1;115
26;12;1999;22;1;115
27;12;1999;9;2;160
27;12;1999;10;2;181
27;12;1999;11;2;149
27;12;1999;12;2;146
27;12;1999;13;2;120
27;12;1999;14;2;143
27;12;1999;15;2;163
27;12;1999;16;2;123
27;12;1999;17;2;104
27;12;1999;18;2;93
27;12;1999;19;2;84
27;12;1999;20;2;84
27;12;1999;21;2;74
27;12;1999;22;2;93
28;12;1999;9;3;132
28;12;1999;10;3;154
28;12;1999;11;3;138
28;12;1999;12;3;118
28;12;1999;13;3;126
28;12;1999;14;3;141
28;12;1999;15;3;160
28;12;1999;16;3;130
28;12;1999;17;3;102
28;12;1999;18;3;106
28;12;1999;19;3;70
28;12;1999;20;3;63
28;12;1999;21;3;67
28;12;1999;22;3;57
29;12;1999;9;4;156
29;12;1999;10;4;189
29;12;1999;11;4;135
29;12;1999;12;4;140
29;12;1999;13;4;112
29;12;1999;14;4;121
29;12;1999;15;4;129
29;12;1999;16;4;140
29;12;1999;17;4;104
29;12;1999;18;4;86
29;12;1999;19;4;78
29;12;1999;20;4;61
29;12;1999;21;4;68
29;12;1999;22;4;78
30;12;1999;9;5;156
30;12;1999;10;5;193
30;12;1999;11;5;190
30;12;1999;12;5;176
30;12;1999;13;5;149
30;12;1999;14;5;206
30;12;1999;15;5;280
30;12;1999;16;5;159
30;12;1999;17;5;124
30;12;1999;18;5;82
30;12;1999;19;5;85
30;12;1999;20;5;58
30;12;1999;21;5;54
30;12;1999;22;5;48
